feed,vehicles_url,trips_url,alerts_url,isauth,isswiftly
f-sf~bay~area~rg~rt,https://api.511.org/Transit/VehiclePositions?agency=RG,https://api.511.org/Transit/TripUpdates?agency=RG,https://api.511.org/Transit/servicealerts?agency=RG,true,false
f-9q-easternsierra~ca~us~rt~alerts,,,https://api.goswift.ly/real-time/esta/gtfs-rt-alerts,true,true
f-9qhc-beaumont~ca~us~rt~alerts,,,https://api.goswift.ly/real-time/beaumont/gtfs-rt-alerts,true,true
f-9xj5s-viamobilityservices~rt~alerts,,,https://api.goswift.ly/real-time/via/gtfs-rt-alerts,true,true
f-abqride~rt~alerts,,,https://api.goswift.ly/real-time/abq-ride/gtfs-rt-alerts,true,true
f-ata~bus~ks~rt~alerts,,,https://api.goswift.ly/real-time/flint-hills-ata/gtfs-rt-alerts/,true,true
f-baytowntrolley~fl~rt~alerts,,,https://api.goswift.ly/real-time/bay-town-trolley/gtfs-rt-alerts,true,true
f-brightline~fl~us~rt~alerts,,,https://api.goswift.ly/real-time/brightline-fl-us/gtfs-rt-alerts,true,true
f-capitalmetro~rt~alerts,,,https://api.goswift.ly/real-time/cap-metro/gtfs-rt-alerts,true,true
f-central~transit~wa~rt~alerts,,,https://api.goswift.ly/real-time/central-transit-wa/gtfs-rt-alerts/,true,true
f-cuboulder~rt~alerts,,,https://api.goswift.ly/real-time/cu-boulder/gtfs-rt-alerts/,true,true
f-dcstreetcar~rt~alerts,,,https://api.goswift.ly/real-time/dc-streetcar/gtfs-rt-alerts/,true,true
f-dqc-thebusofprincegeorgescounty~rt~alerts,,,https://api.goswift.ly/real-time/prince-george-thebus/gtfs-rt-alerts,true,true
f-dqcq-regionaltransportationagencyofcentralmaryland~rt~alerts,,,https://api.goswift.ly/real-time/rtamaryland/gtfs-rt-alerts,true,true
f-dr0b-transitservicesoffrederickcounty~rt~alerts,,,https://api.goswift.ly/real-time/frederick-county-transit/gtfs-rt-alerts,true,true
f-dru-vttranslines~vt~us~rt~alerts,,,https://api.goswift.ly/real-time/vermont-translines/gtfs-rt-alerts,true,true
f-goose~creek~transit~rt~alerts,,,https://api.goswift.ly/real-time/goose-creek-transit/gtfs-rt-alerts,true,true
f-indygo~rt~alerts,,,https://api.goswift.ly/real-time/indygo/gtfs-rt-alerts/,true,true
f-lasvegasloop~nv~us~rt~alerts,,,https://api.goswift.ly/real-time/city-las-vegas/gtfs-rt-alerts,true,true
f-lubbock~tx~us~rt~alerts,,,https://api.goswift.ly/real-time/lubbock-citibus/gtfs-rt-alerts,true,true
f-miamibeach~rt~alerts,,,https://api.goswift.ly/real-time/city-of-miami-beach/gtfs-rt-alerts,true,true
f-miamidadetransit~rt~alerts,,,https://api.goswift.ly/real-time/miami/gtfs-rt-alerts,true,true
f-nevadacountygoldcountrystage~rt~alerts,,,https://api.goswift.ly/real-time/gold-country-stage/gtfs-rt-alerts/,true,true
f-northcountrytransitdistrict~rt~alerts,,,https://api.goswift.ly/real-time/nctd/gtfs-rt-alerts/,true,true
f-qline~mi~rt~alerts,,,https://api.goswift.ly/real-time/detroit-m1-rail/gtfs-rt-alerts/,true,true
f-redwood~coast~transit~rt~alerts,,,https://api.goswift.ly/real-time/redwood-coast-rct/gtfs-rt-alerts,true,true
f-rtcsnv~rt~alerts,,,https://api.goswift.ly/real-time/las-vegas-rtc/gtfs-rt-alerts/,true,true
f-smart~mi~rt~alerts,,,https://api.goswift.ly/real-time/detroit-smartbus/gtfs-rt-alerts/,true,true
f-tahoe~ca~rt~alerts,,,https://api.goswift.ly/real-time/bluego/gtfs-rt-alerts,true,true
f-altoona~metro~transit~rt,https://amtran.rideralerts.com/InfoPoint/GTFS-Realtime.ashx?Type=VehiclePosition,https://amtran.rideralerts.com/InfoPoint/GTFS-Realtime.ashx?Type=TripUpdate,https://amtran.rideralerts.com/InfoPoint/GTFS-Realtime.ashx?Type=Alert,false,false
f-kingston~rt,https://api.cityofkingston.ca/gtfs-realtime/vehicleupdates.pb,https://api.cityofkingston.ca/gtfs-realtime/tripupdates.pb,https://api.cityofkingston.ca/gtfs-realtime/alerts.pb,false,false
f-thunderbay~rt,http://api.nextlift.ca/gtfs-realtime/vehicleupdates.pb,http://api.nextlift.ca/gtfs-realtime/tripupdates.pb,http://api.nextlift.ca/gtfs-realtime/alerts.pb,false,false
f-desmoinesarearegionaltransitauthority~rt,https://www.ridedart.com/gtfs/real-time/vehicle-positions,https://www.ridedart.com/gtfs/real-time/trip-updates,https://www.ridedart.com/gtfs/real-time/alerts,false,false
f-saskatoon~rt,https://apps2.saskatoon.ca/app/data/Vehicle/VehiclePositions.pb,https://apps2.saskatoon.ca/app/data/TripUpdate/TripUpdates.pb,https://apps2.saskatoon.ca/app/data/Alert/Alerts.pb,false,false
f-art~rt,https://realtime.arlingtontransit.com/gtfsrt/vehicles,https://realtime.arlingtontransit.com/gtfsrt/trips,,false,false
f-auckland~transport~rt,https://api.at.govt.nz/realtime/legacy/vehiclelocations,https://api.at.govt.nz/realtime/legacy/tripupdates,https://api.at.govt.nz/realtime/legacy/servicealerts,true,false
f-dnh-grtaxpress~rt,https://myxpress2.xpressga.com/gtfsrt/vehicles,https://myxpress2.xpressga.com/gtfsrt/trips,https://myxpress2.xpressga.com/gtfsrt/alerts,false,false
f-antelope~valley~transit~authority~rt,https://track-it.avta.com/InfoPoint/GTFS-Realtime.ashx?Type=VehiclePosition,https://track-it.avta.com/InfoPoint/GTFS-Realtime.ashx?Type=TripUpdate,https://track-it.avta.com/InfoPoint/GTFS-Realtime.ashx?Type=Alert,false,false
f-bart~rt,,http://api.bart.gov/gtfsrt/tripupdate.aspx,http://api.bart.gov/gtfsrt/alerts.aspx,false,false
f-bctransit~east~kootenay~region~rt,https://bct.tmix.se/gtfs-realtime/vehicleupdates.pb?operatorIds=21,https://bct.tmix.se/gtfs-realtime/tripupdates.pb?operatorIds=21,https://bct.tmix.se/gtfs-realtime/alerts.pb?operatorIds=21,false,false
f-bctransit~fraser~valley~region~rt,https://bct.tmix.se/gtfs-realtime/vehicleupdates.pb?operatorIds=13,https://bct.tmix.se/gtfs-realtime/tripupdates.pb?operatorIds=13,https://bct.tmix.se/gtfs-realtime/alerts.pb?operatorIds=13,false,false
f-bctransit~north~okanagan~region~rt,https://bct.tmix.se/gtfs-realtime/vehicleupdates.pb?operatorIds=14,https://bct.tmix.se/gtfs-realtime/tripupdates.pb?operatorIds=14,https://bct.tmix.se/gtfs-realtime/alerts.pb?operatorIds=14,false,false
f-bctransit~port~alberni~rt,https://bct.tmix.se/gtfs-realtime/vehicleupdates.pb?operatorIds=11,https://bct.tmix.se/gtfs-realtime/tripupdates.pb?operatorIds=11,https://bct.tmix.se/gtfs-realtime/alerts.pb?operatorIds=11,false,false
f-bctransit~powell~river~rt,https://bct.tmix.se/gtfs-realtime/vehicleupdates.pb?operatorIds=29,https://bct.tmix.se/gtfs-realtime/tripupdates.pb?operatorIds=29,https://bct.tmix.se/gtfs-realtime/alerts.pb?operatorIds=29,false,false
f-bctransit~prince~rupert~rt,https://bct.tmix.se/gtfs-realtime/vehicleupdates.pb?operatorIds=23,https://bct.tmix.se/gtfs-realtime/tripupdates.pb?operatorIds=23,https://bct.tmix.se/gtfs-realtime/alerts.pb?operatorIds=23,false,false
f-bctransit~south~okanagan~similkameen~rt,https://bct.tmix.se/gtfs-realtime/vehicleupdates.pb?operatorIds=15,https://bct.tmix.se/gtfs-realtime/tripupdates.pb?operatorIds=15,https://bct.tmix.se/gtfs-realtime/alerts.pb?operatorIds=15,false,false
f-c0yu-bctransit~campbellrivertransitsystem~rt,https://bct.tmix.se/gtfs-realtime/vehicleupdates.pb?operatorIds=12,https://bct.tmix.se/gtfs-realtime/tripupdates.pb?operatorIds=12,https://bct.tmix.se/gtfs-realtime/alerts.pb?operatorIds=12,false,false
f-c0z-bctransit~rdntransitsystem~rt,http://nanaimo.mapstrat.com/current/gtfrealtime_VehiclePositions.bin,http://nanaimo.mapstrat.com/current/gtfrealtime_TripUpdates.bin,http://nanaimo.mapstrat.com/current/gtfrealtime_ServiceAlerts.bin,false,false
f-c0z4-bctransit~comoxvalleytransitsystem~rt,http://comox.mapstrat.com/current/gtfrealtime_VehiclePositions.bin,http://comox.mapstrat.com/current/gtfrealtime_TripUpdates.bin,http://comox.mapstrat.com/current/gtfrealtime_ServiceAlerts.bin,false,false
f-c28-bctransit~cowichanvalleyregionaltransitsystem~rt,https://bct.tmix.se/gtfs-realtime/vehicleupdates.pb?operatorIds=10,https://bct.tmix.se/gtfs-realtime/tripupdates.pb?operatorIds=10,https://bct.tmix.se/gtfs-realtime/alerts.pb?operatorIds=10,false,false
f-c28-bctransit~creston~rt,https://bct.tmix.se/gtfs-realtime/vehicleupdates.pb?operatorIds=16,https://bct.tmix.se/gtfs-realtime/tripupdates.pb?operatorIds=16,https://bct.tmix.se/gtfs-realtime/alerts.pb?operatorIds=16,false,false
f-c28-bctransit~victoriaregionaltransitsystem~rt,http://victoria.mapstrat.com/current/gtfrealtime_VehiclePositions.bin,http://victoria.mapstrat.com/current/gtfrealtime_TripUpdates.bin,http://victoria.mapstrat.com/current/gtfrealtime_ServiceAlerts.bin,false,false
f-c2b1-bctransit~sunshinecoasttransitsystem~rt,https://bct.tmix.se/gtfs-realtime/vehicleupdates.pb?operatorIds=18,https://bct.tmix.se/gtfs-realtime/tripupdates.pb?operatorIds=18,https://bct.tmix.se/gtfs-realtime/alerts.pb?operatorIds=18,false,false
f-c2b6v-bctransit~squamishtransitsystem~rt,http://squamish.mapstrat.com/current/gtfrealtime_VehiclePositions.bin,http://squamish.mapstrat.com/current/gtfrealtime_TripUpdates.bin,http://squamish.mapstrat.com/current/gtfrealtime_ServiceAlerts.bin,false,false
f-c2bt-bctransit~whistlertransitsystem~rt,http://whistler.mapstrat.com/current/gtfrealtime_VehiclePositions.bin,http://whistler.mapstrat.com/current/gtfrealtime_TripUpdates.bin,http://whistler.mapstrat.com/current/gtfrealtime_ServiceAlerts.bin,false,false
f-c2g5-bctransit~kelownaregionaltransitsystem~rt,http://kelowna.mapstrat.com/current/gtfrealtime_VehiclePositions.bin,http://kelowna.mapstrat.com/current/gtfrealtime_TripUpdates.bin,http://kelowna.mapstrat.com/current/gtfrealtime_ServiceAlerts.bin,false,false
f-c2u-bctransit~westkootenaytransitsystem~rt,https://bct.tmix.se/gtfs-realtime/vehicleupdates.pb?operatorIds=20,https://bct.tmix.se/gtfs-realtime/tripupdates.pb?operatorIds=20,https://bct.tmix.se/gtfs-realtime/alerts.pb?operatorIds=20,false,false
f-c342-bctransit~kamloopstransitsystem~rt,http://kamloops.mapstrat.com/current/gtfrealtime_VehiclePositions.bin,http://kamloops.mapstrat.com/current/gtfrealtime_TripUpdates.bin,http://kamloops.mapstrat.com/current/gtfrealtime_ServiceAlerts.bin,false,false
f-c38d-bctransit~princegeorgetransitsystem~rt,https://bct.tmix.se/gtfs-realtime/vehicleupdates.pb?operatorIds=22,https://bct.tmix.se/gtfs-realtime/tripupdates.pb?operatorIds=22,https://bct.tmix.se/gtfs-realtime/alerts.pb?operatorIds=22,false,false
f-c3fpf-bctransit~fortstjohntransitsystem~rt,https://bct.tmix.se/gtfs-realtime/vehicleupdates.pb?operatorIds=28,https://bct.tmix.se/gtfs-realtime/tripupdates.pb?operatorIds=28,https://bct.tmix.se/gtfs-realtime/alerts.pb?operatorIds=28,false,false
f-c3ft0-bctransit~dawsoncreektransitsystem~rt,https://bct.tmix.se/gtfs-realtime/vehicleupdates.pb?operatorIds=27,https://bct.tmix.se/gtfs-realtime/tripupdates.pb?operatorIds=27,https://bct.tmix.se/gtfs-realtime/alerts.pb?operatorIds=27,false,false
f-u2m-bkk~rt,https://go.bkk.hu/api/query/v1/ws/gtfs-rt/full/VehiclePositions.pb,https://go.bkk.hu/api/query/v1/ws/gtfs-rt/full/TripUpdates.pb,https://go.bkk.hu/api/query/v1/ws/gtfs-rt/full/Alerts.pb,true,false
f-butler~transit~authority~pa~rt,https://butlerivl.availtec.com/InfoPoint/GTFS-Realtime.ashx?Type=VehiclePosition,https://butlerivl.availtec.com/InfoPoint/GTFS-Realtime.ashx?Type=TripUpdate,https://butlerivl.availtec.com/InfoPoint/GTFS-Realtime.ashx?Type=Alert,false,false
f-cambria~county~transit~authority~rt,https://live.camtranbus.com/InfoPoint/GTFS-Realtime.ashx?Type=VehiclePosition,https://live.camtranbus.com/InfoPoint/GTFS-Realtime.ashx?Type=TripUpdate,https://live.camtranbus.com/InfoPoint/GTFS-Realtime.ashx?&Type=Alert,false,false
f-9y68-clevelandarearapidtransitcart~rt,https://www.cartgps.com/gtfs-rt/vehiclepositions,https://www.cartgps.com/gtfs-rt/tripupdates,https://www.cartgps.com/gtfs-rt/alerts,false,false
f-dr28-wwwcatabuscom~rt,https://realtime.catabus.com/infopoint/GTFS-Realtime.ashx?Type=VehiclePosition,https://realtime.catabus.com/infopoint/GTFS-Realtime.ashx?Type=TripUpdate,https://realtime.catabus.com/infopoint/GTFS-Realtime.ashx?Type=Alert,false,false
f-crawford~area~transportation~authority~pa~rt,https://catabus.rideralerts.com/InfoPoint/GTFS-Realtime.ashx?Type=VehiclePosition,https://catabus.rideralerts.com/InfoPoint/GTFS-Realtime.ashx?Type=TripUpdate,https://catabus.rideralerts.com/InfoPoint/GTFS-Realtime.ashx?Type=Alert,false,false
f-9q5c-cityofcommercemunicipalbuslines~rt,https://citycommbus.com/gtfs-rt/vehiclepositions,https://citycommbus.com/gtfs-rt/tripupdates,https://citycommbus.com/gtfs-rt/alerts,false,false
f-madison~rt,http://transitdata.cityofmadison.com/Vehicle/VehiclePositions.pb,http://transitdata.cityofmadison.com/TripUpdate/TripUpdates.pb,http://transitdata.cityofmadison.com/Alert/Alerts.pb,false,false
f-orizo~grand~avignon~rt,https://export.tcra2.cityway.fr/GtfsRt/GtfsRT.TCRA.pb,,,false,false
f-clean~air~express~ca~us~rt,https://lat-long-prototype.wl.r.appspot.com/vehicle-positions.pb?agency=santa-barbara-clean-air-express,,,false,false
f-dp0r-citylink~rt,https://clk.rideralerts.com/InfoPoint/gtfs-realtime.ashx?type=vehicleposition,https://clk.rideralerts.com/InfoPoint/gtfs-realtime.ashx?type=tripupdate,https://clk.rideralerts.com/InfoPoint/gtfs-realtime.ashx?type=alert,false,false
f-county~of~lackawanna~transit~rt,https://coltsivl.availtec.com/InfoPoint/GTFS-Realtime.ashx?Type=VehiclePosition,https://coltsivl.availtec.com/InfoPoint/GTFS-Realtime.ashx?Type=TripUpdate,https://coltsivl.availtec.com/InfoPoint/GTFS-Realtime.ashx?Type=Alert,false,false
f-f-columBUS~in~rt,https://columbusindianatransit.com/gtfs-rt/vehiclepositions,https://columbusindianatransit.com/gtfs-rt/tripupdates,https://columbusindianatransit.com/gtfs-rt/alerts,false,false
f-c29-communitytransit~rt,http://s3.amazonaws.com/commtrans-realtime-prod/vehiclepositions.pb,http://s3.amazonaws.com/commtrans-realtime-prod/tripupdates.pb,http://s3.amazonaws.com/commtrans-realtime-prod/alerts.pb,false,false
f-connecttransit~rt,https://rideconnecttransit.com/gtfs-rt/vehiclepositions,https://rideconnecttransit.com/gtfs-rt/tripupdates,https://rideconnecttransit.com/gtfs-rt/alerts,false,false
f-9q6-sanluisobisporegionaltransitauthority~pasoroblesexpress~so~rt,http://slo.connexionz.net/rtt/public/utility/gtfsrealtime.aspx/vehicleposition,http://slo.connexionz.net/rtt/public/utility/gtfsrealtime.aspx/tripupdate,http://slo.connexionz.net/rtt/public/utility/gtfsrealtime.aspx/alert,false,false
f-9z70-lincolnstartran~rt,https://startran.connexionz.net/rtt/public/utility/gtfsrealtime.aspx/vehicleposition,https://startran.connexionz.net/rtt/public/utility/gtfsrealtime.aspx/tripupdate,https://startran.connexionz.net/rtt/public/utility/gtfsrealtime.aspx/alert,false,false
f-c20-yamhillcounty~or~us~rt,https://ycta.connexionz.net/rtt/public/utility/gtfsrealtime.aspx/vehicleposition,https://ycta.connexionz.net/rtt/public/utility/gtfsrealtime.aspx/tripupdate,https://ycta.connexionz.net/rtt/public/utility/gtfsrealtime.aspx/alert,false,false
f-dp9e-belleurbansystem~rt,https://racine.connexionz.net/rtt/public/utility/gtfsrealtime.aspx/vehicleposition,https://racine.connexionz.net/rtt/public/utility/gtfsrealtime.aspx/tripupdate,https://racine.connexionz.net/rtt/public/utility/gtfsrealtime.aspx/alert,false,false
f-kingsarearuraltransit~rt,http://kart.connexionz.net/rtt/public/utility/gtfsrealtime.aspx/vehicleposition,http://kart.connexionz.net/rtt/public/utility/gtfsrealtime.aspx/tripupdate,http://kart.connexionz.net/rtt/public/utility/gtfsrealtime.aspx/alert,false,false
f-muskegon~area~transit~rt,https://muskegon.connexionz.net/rtt/public/utility/gtfsrealtime.aspx/vehicleposition,https://muskegon.connexionz.net/rtt/public/utility/gtfsrealtime.aspx/tripupdate,https://muskegon.connexionz.net/rtt/public/utility/gtfsrealtime.aspx/alert,false,false
f-nycferry~rt,http://nycferry.connexionz.net/rtt/public/utility/gtfsrealtime.aspx/vehicleposition,http://nycferry.connexionz.net/rtt/public/utility/gtfsrealtime.aspx/tripupdate,http://nycferry.connexionz.net/rtt/public/utility/gtfsrealtime.aspx/alert,false,false
f-corvallis~or~rt,http://www.corvallistransit.com/rtt/public/utility/gtfsrealtime.aspx/vehicleposition,http://www.corvallistransit.com/rtt/public/utility/gtfsrealtime.aspx/tripupdate,http://www.corvallistransit.com/rtt/public/utility/gtfsrealtime.aspx/alert,false,false
f-philomath~corvallis~or~us~rt,http://www.corvallistransit.com/rtt/public/utility/gtfsrealtime.aspx/vehicleposition?ProjectID=PC,http://www.corvallistransit.com/rtt/public/utility/gtfsrealtime.aspx/tripupdate?ProjectID=PC,http://www.corvallistransit.com/rtt/public/utility/gtfsrealtime.aspx/alert?ProjectID=PC,false,false
f-cota~rt,http://realtime.cota.com/TMGTFSRealTimeWebService/Vehicle/VehiclePositions.pb,http://realtime.cota.com/TMGTFSRealTimeWebService/TripUpdate/TripUpdates.pb,,false,false
f-c20g-c~tran~rt,http://gtfs-rt.c-tran.org/gtfsrealtime/VehiclePostions,http://gtfs-rt.c-tran.org/gtfsrealtime/TripUpdates,,false,false
f-cttransit~rt,https://s3.amazonaws.com/cttransit-realtime-prod/vehiclepositions.pb,https://s3.amazonaws.com/cttransit-realtime-prod/tripupdates.pb,https://s3.amazonaws.com/cttransit-realtime-prod/alerts.pb,false,false
f-cachevalleytransitdistrict~rt,https://mycvtdbus.org/gtfs-rt/vehiclepositions,https://mycvtdbus.org/gtfs-rt/tripupdates,https://mycvtdbus.org/gtfs-rt/alerts,false,false
f-dqchv-alexandriatransitcompanydash~rt,https://realtime.prod.dash.obaweb.org/agency/71/tripUpdates,https://realtime.prod.dash.obaweb.org/agency/71/tripUpdates,https://realtime.prod.dash.obaweb.org/agency/71/tripUpdates,false,false
f-calgarytransit~rt,https://data.calgary.ca/download/am7c-qe3u/application%2Foctet-stream,https://data.calgary.ca/download/gs4m-mdc2/application%2Foctet-stream,https://data.calgary.ca/download/jhgn-ynqj/application%2Foctet-stream,false,false
f-r1-ptv~buses~rt,,https://data-exchange-api.vicroads.vic.gov.au/opendata/v1/gtfsr/metrobus-tripupdates,,true,false
f-r1-ptv~trains~rt,https://data-exchange-api.vicroads.vic.gov.au/opendata/v1/gtfsr/metrotrain-vehicleposition-updates,https://data-exchange-api.vicroads.vic.gov.au/opendata/v1/gtfsr/metrotrain-tripupdates,https://data-exchange-api.vicroads.vic.gov.au/opendata/v1/gtfsr/metrotrain-servicealerts,true,false
f-dp04-smtd~rt,http://ride.smtd.org/gtfsrt/vehicles,http://ride.smtd.org/gtfsrt/trips,http://ride.smtd.org/gtfsrt/alerts,false,false
f-capitalmetro~rt,https://data.texas.gov/download/eiei-9rpf/application%2Foctet-stream,https://data.texas.gov/download/rmk2-acnw/application%2Foctet-stream,,false,false
f-dnq-dcrides~rt,https://dcridestracker.com/gtfs-rt/vehiclepositions,https://dcridestracker.com/gtfs-rt/tripupdates,https://dcridestracker.com/gtfs-rt/alerts,false,false
f-cata~rt,http://developers.cata.org/gtfsrt/vehicle/vehiclepositions.pb,http://developers.cata.org/gtfsrt/tripupdate/tripupdates.pb,http://developers.cata.org/gtfsrt/alert/alerts.pb,false,false
f-trimet~rt,http://developer.trimet.org/ws/gtfs/VehiclePositions,http://developer.trimet.org/ws/V1/TripUpdate,http://developer.trimet.org/ws/V1/FeedSpecAlerts,true,false
f-dr5re-downtownalliance~rt,,https://app.mecatran.com/utw/ws/gtfsfeed/realtime/nydtc,https://app.mecatran.com/utw/ws/gtfsfeed/alerts/nydtc,true,false
f-duluthtransitauthority~rt,https://duluthtransit.com/gtfsrt/Vehicle/VehiclePositions.pb,https://duluthtransit.com/gtfsrt/TripUpdate/TripUpdates.pb,https://duluthtransit.com/gtfsrt/Alert/Alerts.pb,false,false
f-dpz-durhamregiontransit~rt,https://drtonline.durhamregiontransit.com/gtfsrealtime/VehiclePositions,https://drtonline.durhamregiontransit.com/gtfsrealtime/TripUpdates,https://maps.durham.ca/OpenDataGTFS/alerts.pb,false,false
f-ets~rt,http://gtfs.edmonton.ca/TMGTFSRealTimeWebService/Vehicle/VehiclePositions.pb,http://gtfs.edmonton.ca/TMGTFSRealTimeWebService/TripUpdate/TripUpdates.pb,http://gtfs.edmonton.ca/TMGTFSRealTimeWebService/Alert/Alerts.pb,false,false
f-embarknorman~ok~rt,https://app.mecatran.com/utw/ws/gtfsfeed/vehicles/embarkok,https://app.mecatran.com/utw/ws/gtfsfeed/realtime/embarkok,,true,false
f-gbrw-irigo~rt,,https://proxy.transport.data.gouv.fr/resource/irigo-angers-gtfs-rt-trip-update,https://proxy.transport.data.gouv.fr/resource/irigo-angers-gtfs-rt-alerts,false,false
f-keolis~orleans~fr~rt,,https://ara-api.enroute.mobi/tao/gtfs/trip-updates,,false,false
f-exo~reseaudetransportmetropolitain~rt,http://opendata.rtm.quebec:2539/ServiceGTFSR/VehiclePosition.pb,http://opendata.rtm.quebec:2539/ServiceGTFSR/TripUpdate.pb,http://opendata.rtm.quebec:2539/ServiceGTFSR/Alert.pb,true,false
f-fairfaxconnector~rt,https://www.fairfaxcounty.gov/gtfsrt/vehicles,https://www.fairfaxcounty.gov/gtfsrt/trips,https://www.fairfaxcounty.gov/gtfsrt/alerts,false,false
f-capitalareatransit~pa~rt,https://cat.rideralerts.com/InfoPoint/gtfs-realtime.ashx?type=vehicleposition,https://cat.rideralerts.com/InfoPoint/gtfs-realtime.ashx?type=tripupdate,https://cat.rideralerts.com/InfoPoint/gtfs-realtime.ashx?type=alert,false,false
f-foothilltransit~rt,https://foothilltransit.rideralerts.com/myStop/GTFS-Realtime.ashx?Type=VehiclePosition,https://foothilltransit.rideralerts.com/myStop/GTFS-Realtime.ashx?Type=TripUpdate,https://foothilltransit.rideralerts.com/myStop/GTFS-Realtime.ashx?Type=Alert,false,false
f-9qdc-gis4ufresnogov~rt,https://gis4u.fresno.gov/TMGTFSRealTimeWebService/Vehicle/VehiclePositions.pb,https://gis4u.fresno.gov/TMGTFSRealTimeWebService/TripUpdate/TripUpdates.pb,https://gis4u.fresno.gov/TMGTFSRealTimeWebService/Alert/Alerts.pb,false,false
f-citiesareatransit~rt,https://catprowler.org/gtfs-rt/vehiclepositions,https://catprowler.org/gtfs-rt/tripupdates,https://catprowler.org/gtfs-rt/alerts,false,false
f-brightline~trails~rt,http://feed.gobrightline.com/position_updates.pb,http://feed.gobrightline.com/trip_updates.pb,http://feed.gobrightline.com/alerts.pb,false,false
f-dp4j-citybus~rt,https://bus.gocitybus.com/GTFSRT/GTFS_VehiclePositions.pb,https://bus.gocitybus.com/GTFSRT/GTFS_TripUpdates.pb,https://bus.gocitybus.com/GTFSRT/GTFS_ServiceAlerts.pb,false,false
f-dj6m-okaloosacountytransit~fl~us~rt,https://goecrider.com/gtfs-rt/vehiclepositions,https://goecrider.com/gtfs-rt/tripupdates,https://goecrider.com/gtfs-rt/alerts,false,false
f-djn-centralfloridaregionaltransitauthority~rt,http://gtfsrt.golynx.com/gtfsrt/GTFS_VehiclePositions.pb,http://gtfsrt.golynx.com/gtfsrt/GTFS_TripUpdates.pb,http://gtfsrt.golynx.com/gtfsrt/GTFS_ServiceAlerts.pb,false,false
f-cincinnatimetro~rt,https://tmgtfsprd.sorttrpcloud.com/TMGTFSRealTimeWebService/vehicle/vehiclepositions.pb,https://tmgtfsprd.sorttrpcloud.com/TMGTFSRealTimeWebService/tripupdate/tripupdates.pb,https://tmgtfsprd.sorttrpcloud.com/TMGTFSRealTimeWebService/alert/alerts.pb,false,false
f-schuylkill~transportation~system~rt,https://sts.rideralerts.com/InfoPoint/GTFS-Realtime.ashx?Type=VehiclePosition,https://sts.rideralerts.com/InfoPoint/GTFS-Realtime.ashx?Type=TripUpdate,https://sts.rideralerts.com/InfoPoint/GTFS-Realtime.ashx?Type=Alert,false,false
f-9q5-govcbus~rt,https://govcbus.com/gtfs-rt/vehiclepositions,https://govcbus.com/gtfs-rt/tripupdates,https://govcbus.com/gtfs-rt/alerts,false,false
f-f0q2-greatersudburytransit~rt,https://sudbury.tmix.se/gtfs-realtime/vehiclepositions.pb,https://sudbury.tmix.se/gtfs-realtime/tripupdates.pb,https://sudbury.tmix.se/gtfs-realtime/alerts.pb,false,false
f-bigbluebus~rt,http://gtfs.bigbluebus.com/vehiclepositions.bin,http://gtfs.bigbluebus.com/tripupdates.bin,http://gtfs.bigbluebus.com/alerts.bin,false,false
f-halifax~rt,http://gtfs.halifax.ca/realtime/Vehicle/VehiclePositions.pb,http://gtfs.halifax.ca/realtime/TripUpdate/TripUpdates.pb,http://gtfs.halifax.ca/realtime/Alert/Alerts.pb,false,false
f-peoplemover~rt,,http://gtfs-rt.codeforanchorage.org/people_mover.pb,,false,false
f-u0j-torino~rt,http://percorsieorari.gtt.to.it/das_gtfsrt/vehicle_position.aspx,http://percorsieorari.gtt.to.it/das_gtfsrt/trip_update.aspx,http://percorsieorari.gtt.to.it/das_gtfsrt/alerts.aspx,false,false
f-guelph~rt,http://transitgtfs.guelph.ca:9780/TMGTFSRealTimeWebService/Vehicle/VehiclePositions.pb,http://transitgtfs.guelph.ca:9780/TMGTFSRealTimeWebService/TripUpdate/TripUpdates.pb,http://transitgtfs.guelph.ca:9780/TMGTFSRealTimeWebService/Alert/Alerts.pb,false,false
f-dnh0-gwinnettcountytransit~rt,https://realtimegwinnett.availtec.com/InfoPoint/gtfs-realtime.ashx?type=vehicleposition,https://realtimegwinnett.availtec.com/InfoPoint/gtfs-realtime.ashx?type=tripupdate,https://realtimegwinnett.availtec.com/InfoPoint/gtfs-realtime.ashx?type=alert,false,false
f-indiana~county~transit~authority~rt,https://indigobus.availtec.com/InfoPoint/GTFS-Realtime.ashx?Type=VehiclePosition,https://indigobus.availtec.com/InfoPoint/GTFS-Realtime.ashx?Type=TripUpdate,https://indigobus.availtec.com/InfoPoint/GTFS-Realtime.ashx?Type=Alert,false,false
f-cars~région~fr~rt,,https://www.itinisere.fr/ftp/GtfsRT/GtfsRT.CG38.pb,,false,false
f-c25y-valleytransit~rt,https://itransitnw.com/rtt/public/utility/gtfsrealtime.aspx/vehicleposition,https://itransitnw.com/rtt/public/utility/gtfsrealtime.aspx/tripupdate,https://itransitnw.com/rtt/public/utility/gtfsrealtime.aspx/alert,false,false
f-dnh-marta~rt,https://gtfs-rt.itsmarta.com/TMGTFSRealTimeWebService/vehicle/vehiclepositions.pb,https://gtfs-rt.itsmarta.com/TMGTFSRealTimeWebService/tripupdate/tripupdates.pb,,false,false
f-dpsby4-detroitpeoplemover~rt,,,https://github.com/ivyrze/dtc-gtfs/raw/main/gtfs-rt/alerts.pb,false,false
f-dpe0-kalamazoometrotransit~rt,https://trackmybus.kmetro.org/InfoPoint/GTFS-Realtime.ashx?Type=VehiclePosition,https://trackmybus.kmetro.org/InfoPoint/GTFS-Realtime.ashx?Type=TripUpdate,https://trackmybus.kmetro.org/InfoPoint/GTFS-Realtime.ashx?Type=Alert,false,false
f-ladot~rt,https://ladotbus.com/gtfs-rt/vehiclepositions,https://ladotbus.com/gtfs-rt/tripupdates,https://ladotbus.com/gtfs-rt/alerts,false,false
f-luzerne~county~transit~authority~rt,https://realtimelctabus.availtec.com/InfoPoint/GTFS-Realtime.ashx?Type=VehiclePosition,https://realtimelctabus.availtec.comInfoPoint/GTFS-Realtime.ashx?Type=TripUpdate,https://realtimelctabus.availtec.com/InfoPoint/GTFS-Realtime.ashx?Type=Alert,false,false
f-lebanon~transit~pa~us~rt,https://realtime.lebanontransit.org/InfoPoint/gtfs-realtime.ashx?type=vehicleposition,https://realtime.lebanontransit.org/InfoPoint/gtfs-realtime.ashx?type=tripupdate,https://realtime.lebanontransit.org/InfoPoint/gtfs-realtime.ashx?type=alert,false,false
f-ilevia~lille~fr~rt,,https://proxy.transport.data.gouv.fr/resource/ilevia-lille-gtfs-rt,,false,false
f-c26-linktransit~wa~us~rt,https://link.rideralerts.com/InfoPoint/GTFS-Realtime.ashx?Type=VehiclePosition,https://link.rideralerts.com/InfoPoint/GTFS-Realtime.ashx?Type=TripUpdate,https://link.rideralerts.com/InfoPoint/GTFS-Realtime.ashx?Type=Alert,false,false
f-dpwh-londontransit~rt,http://gtfs.ltconline.ca/Vehicle/VehiclePositions.pb,http://gtfs.ltconline.ca/TripUpdate/TripUpdates.pb,http://gtfs.ltconline.ca/Alert/Alerts.pb,false,false
f-ltd~rt,http://feed.ltd.org/gtfs-realtime/vehicle/,http://feed.ltd.org/gtfs-realtime/tripupdate/,,false,false
f-maui~county~transit~rt,https://mauibus.org/gtfs-rt/vehiclepositions,https://mauibus.org/gtfs-rt/tripupdates,https://mauibus.org/gtfs-rt/alerts,false,false
f-montebello~bus~rt,https://mbl.rideralerts.com/InfoPoint/GTFS-Realtime.ashx?Type=VehiclePosition,https://mbl.rideralerts.com/InfoPoint/GTFS-Realtime.ashx?Type=TripUpdate,https://mbl.rideralerts.com/InfoPoint/GTFS-Realtime.ashx?Type=Alert,false,false
f-mbta~rt,https://cdn.mbta.com/realtime/VehiclePositions.pb,https://cdn.mbta.com/realtime/TripUpdates.pb,https://cdn.mbta.com/realtime/Alerts.pb,false,false
f-shenango~valley~shuttle~service~pa~rt,https://svss.availtec.com/InfoPoint/GTFS-Realtime.ashx?Type=VehiclePosition,https://svss.availtec.com/InfoPoint/GTFS-Realtime.ashx?Type=TripUpdate,https://svss.availtec.com/InfoPoint/GTFS-Realtime.ashx?Type=Alert,false,false
f-medicine~hat~transit~rt,https://medicinehat.tmix.se/gtfs-realtime/vehicleupdates.pb,https://medicinehat.tmix.se/gtfs-realtime/tripupdates.pb,https://medicinehat.tmix.se/gtfs-realtime/alerts.pb,false,false
f-metra~ga~rt,https://metracolumbus.com/gtfs-rt/vehiclepositions,https://metracolumbus.com/gtfs-rt/tripupdates,https://metracolumbus.com/gtfs-rt/alerts,false,false
f-metra~rt,https://gtfsapi.metrarail.com/gtfs/raw/positionUpdates.dat,https://gtfsapi.metrarail.com/gtfs/raw/tripUpdates.dat,https://gtfsapi.metrarail.com/gtfs/raw/alerts.dat,true,false
f-metrolinktrains~rt,https://metrolink-gtfsrt.gbsdigital.us/feed/gtfsrt-vehicles,https://metrolink-gtfsrt.gbsdigital.us/feed/gtfsrt-trips,,true,false
f-belleville~on~ca~rt,,https://metrolinx.tmix.se/gtfs-realtime-belleville/tripupdates.pb,https://metrolinx.tmix.se/gtfs-realtime-belleville/alerts.pb,false,false
f-cornwall~on~ca~rt,,https://metrolinx.tmix.se/gtfs-realtime-cornwall/tripupdates.pb,https://metrolinx.tmix.se/gtfs-realtime-cornwall/alerts.pb,false,false
f-kawartha~on~ca~rt,,https://metrolinx.tmix.se/gtfs-realtime-kawartha/tripupdates.pb,https://metrolinx.tmix.se/gtfs-realtime-kawartha/alerts.pb,false,false
f-metrolinx~gtfs~rt~vehicles,https://metrolinx.tmix.se/gtfs-realtime-belleville/vehiclepositions.pb,,,false,false
f-milton~on~ca~rt,,https://metrolinx.tmix.se/gtfs-realtime-milton/tripupdates.pb,https://metrolinx.tmix.se/gtfs-realtime-milton/alerts.pb,false,false
f-orangeville~on~ca~rt,,https://metrolinx.tmix.se/gtfs-realtime-orangeville/tripupdates.pb,https://metrolinx.tmix.se/gtfs-realtime-orangeville/alerts.pb,false,false
f-orillia~on~ca~rt,,https://metrolinx.tmix.se/gtfs-realtime-orillia/tripupdates.pb,https://metrolinx.tmix.se/gtfs-realtime-orillia/alerts.pb,false,false
f-sarnia~on~ca~rt,https://metrolinx.tmix.se/gtfs-realtime-sarnia/tripupdates.pb,https://metrolinx.tmix.se/gtfs-realtime-sarnia/tripupdates.pb,https://metrolinx.tmix.se/gtfs-realtime-sarnia/alerts.pb,false,false
f-saultstemarie~on~ca~rt,,https://metrolinx.tmix.se/gtfs-realtime-saultstemarie/tripupdates.pb,https://metrolinx.tmix.se/gtfs-realtime-saultstemarie/alerts.pb,false,false
f-simcoe~on~ca~rt,,https://metrolinx.tmix.se/gtfs-realtime-simcoe/tripupdates.pb,https://metrolinx.tmix.se/gtfs-realtime-simcoe/alerts.pb,false,false
f-stratford~on~ca~rt,,https://metrolinx.tmix.se/gtfs-realtime-stratford/tripupdates.pb,https://metrolinx.tmix.se/gtfs-realtime-stratford/alerts.pb,false,false
f-stthomas~on~ca~rt,,https://metrolinx.tmix.se/gtfs-realtime-stthomas/tripupdates.pb,https://metrolinx.tmix.se/gtfs-realtime-stthomas/alerts.pb,false,false
f-temiskaming~on~ca~rt,,https://metrolinx.tmix.se/gtfs-realtime-temiskaming/tripupdates.pb,https://metrolinx.tmix.se/gtfs-realtime-temiskaming/alerts.pb,false,false
f-timmins~on~ca~rt,,https://metrolinx.tmix.se/gtfs-realtime-timmins/tripupdates.pb,https://metrolinx.tmix.se/gtfs-realtime-timmins/alerts.pb,false,false
f-saintlouis~rt,https://www.metrostlouis.org/RealTimeData/StlRealTimeVehicles.pb,https://www.metrostlouis.org/RealTimeData/StlRealTimeTrips.pb,https://www.metrostlouis.org/RealTimeData/StlRealTimeAlerts.pb,false,false
f-miway~rt,https://www.miapp.ca/GTFS_RT/Vehicle/VehiclePositions.pb,https://www.miapp.ca/GTFS_RT/TripUpdate/TripUpdates.pb,,false,false
f-santa~ynez~valley~transit~rt,https://lat-long-prototype.wl.r.appspot.com/vehicle-positions.pb?agency=santa-ynez-valley-transit,,,false,false
f-mid~mon~valley~transit~authority~pa~rt,https://mmvta.rideralerts.com/InfoPoint/gtfs-realtime.ashx?type=vehicleposition,https://mmvta.rideralerts.com/InfoPoint/gtfs-realtime.ashx?type=tripupdate,https://mmvta.rideralerts.com/InfoPoint/gtfs-realtime.ashx?type=alert,false,false
f-c2qf-mountainline~rt,https://bt.mountainline.com/gtfsrt/vehicles,https://bt.mountainline.com/gtfsrt/trips,https://bt.mountainline.com/gtfsrt/alerts,false,false
f-mountain~line~az~rt,https://mountainline.usetransit.com/api/1/public/gtfs/4/VehiclePositions.pb,https://mountainline.usetransit.com/api/1/public/gtfs/4/TripUpdates.pb,https://mountainline.usetransit.com/api/1/public/gtfs/4/Alerts.pb,true,false
f-mst~rt,http://gtfs.mst.org/TMGTFSRealTimeWebService/Vehicle/VehiclePositions.pb,http://gtfs.mst.org/TMGTFSRealTimeWebService/TripUpdate/TripUpdates.pb,http://gtfs.mst.org/TMGTFSRealTimeWebService/Alert/Alerts.pb,false,false
f-mta~nyc~rt~alerts,,,https://api-endpoint.mta.info/Dataservice/mtagtfsfeeds/camsys%2Fall-alerts,true,false
f-mta~nyc~rt~lirr,,https://api-endpoint.mta.info/Dataservice/mtagtfsfeeds/lirr%2Fgtfs-lirr,,true,false
f-mta~nyc~rt~mnr,,https://api-endpoint.mta.info/Dataservice/mtagtfsfeeds/mnr%2Fgtfs-mnr,,true,false
f-mta~nyc~rt~subway~1~2~3~4~5~6~7,,https://api-endpoint.mta.info/Dataservice/mtagtfsfeeds/nyct%2Fgtfs,,true,false
f-mta~nyc~rt~subway~a~c~e,,https://api-endpoint.mta.info/Dataservice/mtagtfsfeeds/nyct%2Fgtfs-ace,,true,false
f-mta~nyc~rt~subway~b~d~f~m,,https://api-endpoint.mta.info/Dataservice/mtagtfsfeeds/nyct%2Fgtfs-bdfm,,true,false
f-mta~nyc~rt~subway~g,,https://api-endpoint.mta.info/Dataservice/mtagtfsfeeds/nyct%2Fgtfs-g,,true,false
f-mta~nyc~rt~subway~j~z,,https://api-endpoint.mta.info/Dataservice/mtagtfsfeeds/nyct%2Fgtfs-jz,,true,false
f-mta~nyc~rt~subway~l,,https://api-endpoint.mta.info/Dataservice/mtagtfsfeeds/nyct%2Fgtfs-l,,true,false
f-mta~nyc~rt~subway~n~q~r~w,,https://api-endpoint.mta.info/Dataservice/mtagtfsfeeds/nyct%2Fgtfs-nqrw,,true,false
f-mta~nyc~rt~subway~sir,,https://api-endpoint.mta.info/Dataservice/mtagtfsfeeds/nyct%2Fgtfs-si,,true,false
f-mtamaryland~marc~train~rt,https://mdotmta-gtfs-rt.s3.amazonaws.com/MARC%20RT/marc-vp.pb,https://mdotmta-gtfs-rt.s3.amazonaws.com/MARC%20RT/marc-tu.pb,,false,false
f-mtamaryland~rt~alerts,,,https://feeds.mta.maryland.gov/alerts.pb,false,false
f-linktransit~nc~us~rt,https://mylinktransit.org/gtfs-rt/vehiclepositions,https://mylinktransit.org/gtfs-rt/tripupdates,https://mylinktransit.org/gtfs-rt/alerts,false,false
f-barrie~rt,http://www.myridebarrie.ca/gtfs/GTFS_VehiclePositions.pb,http://www.myridebarrie.ca/gtfs/GTFS_TripUpdates.pb,http://www.myridebarrie.ca/gtfs/GTFS_ServiceAlerts.pb,false,false
f-southmetroarearegionaltransit~rt,https://mysmartbus.com/gtfs-rt/vehiclepositions,https://mysmartbus.com/gtfs-rt/tripupdates,https://mysmartbus.com/gtfs-rt/alerts,false,false
f-tricounty~link~sc~us~rt,https://mytclink.com/gtfs-rt/vehiclepositions,https://mytclink.com/gtfs-rt/tripupdates,https://mytclink.com/gtfs-rt/alerts,false,false
f-nashvillemta~rt,http://transitdata.nashvillemta.org/TMGTFSRealTimeWebService/vehicle/vehiclepositions.pb,http://transitdata.nashvillemta.org/TMGTFSRealTimeWebService/tripupdate/tripupdates.pb,http://transitdata.nashvillemta.org/TMGTFSRealTimeWebService/alert/alerts.pb,false,false
f-nice~rt,,,http://nicebus.com/downloads/gtfs/NYC_NICE.proto,false,false
f-north~bay~transit~rt,https://northbay.tmix.se/gtfs-realtime/vehicleupdates.pb,https://northbay.tmix.se/gtfs-realtime/tripupdates.pb,https://northbay.tmix.se/gtfs-realtime/alerts.pb,false,false
f-dr7cc-norwalktransit~rt,https://mystop.norwalktransit.com/InfoPoint/gtfs-realtime.ashx?type=vehicleposition,https://mystop.norwalktransit.com/InfoPoint/gtfs-realtime.ashx?type=tripupdate,https://mystop.norwalktransit.com/InfoPoint/gtfs-realtime.ashx?type=alert,false,false
f-9qh1-norwalktransitsystem~rt,https://nts.rideralerts.com/InfoPoint/GTFS-Realtime.ashx?Type=VehiclePosition,https://nts.rideralerts.com/InfoPoint/GTFS-Realtime.ashx?Type=TripUpdate,https://nts.rideralerts.com/InfoPoint/GTFS-Realtime.ashx?Type=Alert,false,false
f-everetttransit~rt,http://api.pugetsound.onebusaway.org/api/gtfs_realtime/vehicle-positions-for-agency/97.pb,http://api.pugetsound.onebusaway.org/api/gtfs_realtime/trip-updates-for-agency/97.pb,http://api.pugetsound.onebusaway.org/api/gtfs_realtime/alerts-for-agency/97.pb,true,false
f-intercitytransit~rt,http://api.pugetsound.onebusaway.org/api/gtfs_realtime/vehicle-positions-for-agency/19.pb,http://api.pugetsound.onebusaway.org/api/gtfs_realtime/trip-updates-for-agency/19.pb,http://api.pugetsound.onebusaway.org/api/gtfs_realtime/alerts-for-agency/19.pb,true,false
f-kingcountymetro~rt,http://api.pugetsound.onebusaway.org/api/gtfs_realtime/vehicle-positions-for-agency/1.pb,http://api.pugetsound.onebusaway.org/api/gtfs_realtime/trip-updates-for-agency/1.pb,http://api.pugetsound.onebusaway.org/api/gtfs_realtime/alerts-for-agency/1.pb,true,false
f-piercetransit~rt,http://api.pugetsound.onebusaway.org/api/gtfs_realtime/vehicle-positions-for-agency/3.pb,http://api.pugetsound.onebusaway.org/api/gtfs_realtime/trip-updates-for-agency/3.pb,http://api.pugetsound.onebusaway.org/api/gtfs_realtime/alerts-for-agency/3.pb,true,false
f-seattlestreetcar~rt,http://api.pugetsound.onebusaway.org/api/gtfs_realtime/vehicle-positions-for-agency/23.pb,http://api.pugetsound.onebusaway.org/api/gtfs_realtime/trip-updates-for-agency/23.pb,http://api.pugetsound.onebusaway.org/api/gtfs_realtime/alerts-for-agency/23.pb,true,false
f-soundtransit~rt,http://api.pugetsound.onebusaway.org/api/gtfs_realtime/vehicle-positions-for-agency/40.pb,http://api.pugetsound.onebusaway.org/api/gtfs_realtime/trip-updates-for-agency/40.pb,http://api.pugetsound.onebusaway.org/api/gtfs_realtime/alerts-for-agency/40.pb,true,false
f-wsf~rt,http://api.pugetsound.onebusaway.org/api/gtfs_realtime/vehicle-positions-for-agency/95.pb,http://api.pugetsound.onebusaway.org/api/gtfs_realtime/trip-updates-for-agency/95.pb,http://api.pugetsound.onebusaway.org/api/gtfs_realtime/alerts-for-agency/95.pb,true,false
f-octa~rt,https://api.octa.net/GTFSRealTime/protoBuf/VehiclePositions.aspx,https://api.octa.net/GTFSRealTime/protoBuf/tripupdates.aspx,https://api.octa.net/GTFSRealTime/protoBuf/servicealerts.aspx,false,false
f-ontario~northland~ca~rt,https://ontarionorthland.tmix.se/gtfs-realtime/vehicleupdates.pb,https://ontarionorthland.tmix.se/gtfs-realtime/tripupdates.pb,https://ontarionorthland.tmix.se/gtfs-realtime/alerts.pb,false,false
f-burt~rt,https://opendata.burlington.ca/gtfs-rt/GTFS_VehiclePositions.pb,https://opendata.burlington.ca/gtfs-rt/GTFS_TripUpdates.pb,https://opendata.burlington.ca/gtfs-rt/GTFS_ServiceAlerts.pb,false,false
f-smartbus~rt,,http://opendata.citymapper.com/uk-london/trip_updates.pbf,,false,false
f-9pz-lincolncounty~or~us~rt~alerts,,,http://gtfs-realtime.trilliumtransit.com/gtfs-realtime/feed/lincolncounty-or-us/service_alerts.proto,false,false
f-9rb-benton~or~us~alerts,,,http://gtfs-realtime.trilliumtransit.com/gtfs-realtime/feed/benton-or-us/service_alerts.proto,false,false
f-9rc-cascadeseast~or~us~rt~alerts,,,http://gtfs-realtime.trilliumtransit.com/gtfs-realtime/feed/cascadeseast-or-us/service_alerts.proto,false,false
f-c20-tillamook~or~us~rt~alerts,,,http://gtfs-realtime.trilliumtransit.com/gtfs-realtime/feed/tillamook-or-us/service_alerts.proto,false,false
f-c20dz-washingtonparkshuttle~or~us~alerts,,,http://gtfs-realtime.trilliumtransit.com/gtfs-realtime/feed/washingtonparkshuttle-or-us/service_alerts.proto,false,false
f-dhx-palmtran~rt,https://www.palmtran.org/TripPlanner/GTFS-Realtime.ashx?Type=VehiclePosition,https://www.palmtran.org/TripPlanner/GTFS-Realtime.ashx?Type=TripUpdate,https://www.palmtran.org/TripPlanner/GTFS-Realtime.ashx?Type=Alert,false,false
f-dnq9-ckrider~nc~us~rt,https://passio3.com/concordk/passioTransit/gtfs/realtime/vehiclePositions,https://passio3.com/concordk/passioTransit/gtfs/realtime/tripUpdates,https://passio3.com/concordk/passioTransit/gtfs/realtime/serviceAlerts,false,false
f-towson~loop~rt,https://passio3.com/towson/passioTransit/gtfs/realtime/vehiclePositions,https://passio3.com/towson/passioTransit/gtfs/realtime/tripUpdates,https://passio3.com/towson/passioTransit/gtfs/realtime/serviceAlerts,false,false
f-aléop~pays~de~la~loire~rt,https://proxy.transport.data.gouv.fr/resource/aleop-pdl-gtfs-rt-vehicle-position,https://proxy.transport.data.gouv.fr/resource/aleop-pdl-gtfs-rt-trip-update,https://proxy.transport.data.gouv.fr/resource/aleop-pdl-gtfs-rt-alerts,false,false
f-dppn-portauthorityofalleghenycounty~bus~rt,https://truetime.rideprt.org/gtfsrt-bus/vehicles,https://truetime.rideprt.org/gtfsrt-bus/trips,https://truetime.rideprt.org/gtfsrt-bus/alerts,false,false
f-dppn-portauthorityofalleghenycounty~train~rt,https://truetime.rideprt.org/gtfsrt-train/vehicles,https://truetime.rideprt.org/gtfsrt-train/trips,https://truetime.rideprt.org/gtfsrt-train/alerts,false,false
f-presidigo~ca~us~rt,https://presidiobus.com/gtfs-rt/vehiclepositions,https://presidiobus.com/gtfs-rt/tripupdates,https://presidiobus.com/gtfs-rt/alerts,false,false
f-pullman~transit~wa~us~rt,https://pullmanbusbeacon.com/gtfs-rt/vehiclepositions,https://pullmanbusbeacon.com/gtfs-rt/tripupdates,https://pullmanbusbeacon.com/gtfs-rt/alerts,false,false
f-drk-pvta~rt,https://bustracker.pvta.com/infopoint/GTFS-Realtime.ashx?Type=VehiclePosition,https://bustracker.pvta.com/infopoint/GTFS-Realtime.ashx?Type=TripUpdate,https://bustracker.pvta.com/infopoint/GTFS-Realtime.ashx?Type=Alert,false,false
f-dr1-rabbittransit~rt,https://realtime.rabbittransit.org/InfoPoint/GTFS-Realtime.ashx?Type=VehiclePosition,https://realtime.rabbittransit.org/InfoPoint/GTFS-Realtime.ashx?Type=TripUpdate,https://realtime.rabbittransit.org/InfoPoint/GTFS-Realtime.ashx?Type=Alert,false,false
f-votran~rt,http://realtimevotran.availtec.com/infopoint/GTFS-Realtime.ashx?&Type=VehiclePosition,http://realtimevotran.availtec.com/infopoint/GTFS-Realtime.ashx?&Type=TripUpdate,,false,false
f-redondo~beach~cities~transit~rt,https://redondobeachbct.com/gtfs-rt/vehiclepositions,https://redondobeachbct.com/gtfs-rt/tripupdates,https://redondobeachbct.com/gtfs-rt/alerts,false,false
f-grt~rt,http://webapps.regionofwaterloo.ca/api/grt-routes/api/vehiclepositions,http://webapps.regionofwaterloo.ca/api/grt-routes/api/tripupdates,,false,false
f-area~transit~authority~north~central~pa~rt,https://rideata.rideralerts.com/InfoPoint/GTFS-Realtime.ashx?Type=VehiclePosition,https://rideata.rideralerts.com/InfoPoint/GTFS-Realtime.ashx?Type=TripUpdate,https://rideata.rideralerts.com/InfoPoint/GTFS-Realtime.ashx?Type=Alert,false,false
f-burbankbus~rt,https://rideburbankbus.com/gtfs-rt/vehiclepositions,https://rideburbankbus.com/gtfs-rt/tripupdates,https://rideburbankbus.com/gtfs-rt/alerts,false,false
f-hazleton~public~transit~rt,https://realtimehpts.availtec.com/InfoPoint/GTFS-Realtime.ashx?Type=VehiclePosition,https://realtimehpts.availtec.com/InfoPoint/GTFS-Realtime.ashx?Type=TripUpdate,https://realtimehpts.availtec.com/InfoPoint/GTFS-Realtime.ashx?Type=Alert,false,false
f-longbeachtransit~rt,https://lbtgtfs.lbtransit.com/TMGTFSRealTimeWebService/Vehicle/VehiclePositions.pb,https://lbtgtfs.lbtransit.com/TMGTFSRealTimeWebService/TripUpdate/TripUpdates.pb,https://lbtgtfs.lbtransit.com/TMGTFSRealTimeWebService/Alert/Alerts.pb,false,false
f-metropolitantransitauthorityofharriscounty~rt,,https://api.ridemetro.org/GtfsRealtime/TripUpdates,https://api.ridemetro.org/v2alertspb/alerts.pb,true,false
f-greaterclevelandregionaltransitauthority~rt,http://gtfs.gcrta.org/TMGTFSRealTimeWebService/Vehicle/VehiclePositions.pb,http://gtfs.gcrta.org/TMGTFSRealTimeWebService/Vehicle/VehiclePositions.pb,http://gtfs.gcrta.org/TMGTFSRealTimeWebService/Alert/Alerts.pb,false,false
f-river~valley~transit~authority~rt,https://my.ridervt.com/InfoPoint/GTFS-Realtime.ashx?Type=VehiclePosition,https://my.ridervt.com/InfoPoint/GTFS-Realtime.ashx?Type=TripUpdate,https://my.ridervt.com/InfoPoint/GTFS-Realtime.ashx?Type=Alert,false,false
f-tarc~rt,http://gtfsrealtime.ridetarc.org/realtime/Vehicle/VehiclePositions.pb,http://gtfsrealtime.ridetarc.org/realtime/TripUpdate/TripUpdates.pb,http://gtfsrealtime.ridetarc.org/realtime/Alert/Alerts.pb,false,false
f-dnq-charlotteareatransitsystem~rt,https://gtfsrealtime.ridetransit.org/GTFSRealTime/Vehicle/VehiclePositions.pb,https://gtfsrealtime.ridetransit.org/GTFSRealTime/TripUpdate/Tripupdates.pb,https://gtfsrealtime.ridetransit.org/GTFSRealTime/Alerts/Alerts.pb,false,false
f-whatcomtransportationauthority~rt,https://bustracker.ridewta.com/gtfsrt/vehicles,https://bustracker.ridewta.com/gtfsrt/trips,https://bustracker.ridewta.com/gtfsrt/alerts,false,false
f-ripta~rt,http://realtime.ripta.com:81/api/vehiclepositions?format=gtfs.proto,http://realtime.ripta.com:81/api/tripupdates?format=gtfs.proto,http://realtime.ripta.com:81/api/servicealerts?format=gtfs.proto,false,false
f-rta~rt,https://rtabus.com/gtfsrt/vehicles,https://rtabus.com/gtfsrt/trips,https://rtabus.com/gtfsrt/alerts,false,false
f-regional~municipality~of~wood~buffalo~rt,https://rmwb-gtfsrt.civilia.ca/pb/vehiclePositions.pb,https://rmwb-gtfsrt.civilia.ca/pb/tripUpdates.pb,,false,false
f-sr-atac~romatpl~trenitalia~rt,https://romamobilita.it/sites/default/files/rome_rtgtfs_vehicle_positions_feed.pb,https://romamobilita.it/sites/default/files/rome_rtgtfs_trip_updates_feed.pb,https://romamobilita.it/sites/default/files/rome_rtgtfs_service_alerts_feed.pb,false,false
f-9ynm-centralarkansastransitauthority~rt,https://rrmetrotrack.org/gtfs-rt/vehiclepositions,https://rrmetrotrack.org/gtfs-rt/tripupdates,https://rrmetrotrack.org/gtfs-rt/alerts,false,false
f-denver~rtd~bustang~rt,https://www.rtd-denver.com/files/bustang/gtfs-rt/Bustang_VehiclePosition.pb,https://www.rtd-denver.com/files/bustang/gtfs-rt/Bustang_TripUpdate.pb,,false,false
f-rtddenver~rt,https://www.rtd-denver.com/files/gtfs-rt/VehiclePosition.pb,https://www.rtd-denver.com/files/gtfs-rt/TripUpdate.pb,https://www.rtd-denver.com/files/gtfs-rt/Alerts.pb,false,false
f-pasadenatransit~rt,http://rt.pasadenatransit.net/rtt/public/utility/gtfsrealtime.aspx/vehicleposition,http://rt.pasadenatransit.net/rtt/public/utility/gtfsrealtime.aspx/tripupdate,http://rt.pasadenatransit.net/rtt/public/utility/gtfsrealtime.aspx/alert,false,false
f-9qcd-etranelkgrove~rt,https://elkgrovetransit.com/gtfs-rt/vehiclepositions,https://elkgrovetransit.com/gtfs-rt/tripupdates,https://elkgrovetransit.com/gtfs-rt/alerts,false,false
f-9qce-sacramentoregionaltransit~rt,https://bustime.sacrt.com/gtfsrt/vehicles,https://bustime.sacrt.com/gtfsrt/trips,https://bustime.sacrt.com/gtfsrt/alerts,false,false
f-rosevilletransit~rt,https://rosevillebustracker.com/gtfs-rt/vehiclepositions,,https://rosevillebustracker.com/gtfs-rt/alerts,false,false
f-santa~clarita~rt,http://apps.santaclaritatransit.com/rtt/public/utility/gtfsrealtime.aspx/vehicleposition,http://apps.santaclaritatransit.com/rtt/public/utility/gtfsrealtime.aspx/tripupdate,http://apps.santaclaritatransit.com/rtt/public/utility/gtfsrealtime.aspx/alert,false,false
f-9q4g~santabarbaramtd~rt,https://bustracker.sbmtd.gov/gtfsrt/vehicles,https://bustracker.sbmtd.gov/gtfsrt/trips,https://bustracker.sbmtd.gov/gtfsrt/alerts,false,false
f-9q9-scmtdcom~rt,https://rt.scmetro.org/gtfsrt/vehicles,https://rt.scmetro.org/gtfsrt/trips,https://rt.scmetro.org/gtfsrt/alerts,false,false
f-mts~rt~mecatrans,,,http://app.mecatran.com/utw/ws/gtfsfeed/alerts/sdmts?apiKey=78161d20210d221e242d3f62056b1e764469525a,false,false
f-mts~rt~onebusaway,https://realtime.sdmts.com/api/api/gtfs_realtime/vehicle-positions-for-agency/MTS.pb,https://realtime.sdmts.com/api/api/gtfs_realtime/trip-updates-for-agency/MTS.pb,,true,false
f-u0-sncf~intercites~rt,,https://proxy.transport.data.gouv.fr/resource/sncf-ic-gtfs-rt-trip-updates,,false,false
f-u0-sncf~ter~rt,,https://proxy.transport.data.gouv.fr/resource/sncf-ter-gtfs-rt-trip-updates,,false,false
f-u0-sncf~tgv~rt,,https://proxy.transport.data.gouv.fr/resource/sncf-tgv-gtfs-rt-trip-updates,,false,false
f-spokanetransitauthority~rt,https://gtfsbridge.spokanetransit.com/realtime/vehicle/VehiclePositions.pb,https://gtfsbridge.spokanetransit.com/realtime/TripUpdate/TripUpdates.pb,https://gtfsbridge.spokanetransit.com/realtime/Alert/Alerts.pb,false,false
f-sportran~rt,https://sportranbus.com/gtfs-rt/vehiclepositions,https://sportranbus.com/gtfs-rt/tripupdates,https://sportranbus.com/gtfs-rt/alerts,false,false
f-modestoareaexpress~rt,https://stanrta.rideralerts.com/InfoPoint/GTFS-Realtime.ashx?Type=VehiclePosition,https://stanrta.rideralerts.com/InfoPoint/GTFS-Realtime.ashx?Type=TripUpdate,https://stanrta.rideralerts.com/InfoPoint/GTFS-Realtime.ashx?Type=Alert,false,false
f-f25d-socitdetransportdemontral~rt,https://api.stm.info:8443/pub/od/gtfs-rt/ic/v2/vehiclePositions,https://api.stm.info:8443/pub/od/gtfs-rt/ic/v2/tripUpdates,,false,false
f-u99z-sĮsusisiekimopaslaugos~rt,https://www.stops.lt/vilnius/gtfs_realtime.pb,https://www.stops.lt/vilnius/gtfs_realtime.pb,,false,false
f-u9c0-kaunoviešasistransportas~rt,https://www.stops.lt/kaunas/gtfs_realtime.pb,https://www.stops.lt/kaunas/gtfs_realtime.pb,,false,false
f-f2hf-sociétédetransportdesherbrooke~rt,https://gtfs.sts.qc.ca:8443/gtfsrt/vehiclePositions.pb,https://gtfs.sts.qc.ca:8443/gtfsrt/tripUpdates.pb,https://gtfs.sts.qc.ca:8443/gtfsrt/Alerts.pb,false,false
f-drk-ny~suffolkcountytransit~rt,http://gtfsrealtime.suffolkcountyny.gov:8080/gtfsrealtime/VehiclePositions,http://gtfsrealtime.suffolkcountyny.gov:8080/gtfsrealtime/TripUpdates,,false,false
f-9qj-sunlinetransitagency~rt,https://infopoint.sunline.org/InfoPoint/GTFS-Realtime.ashx?Type=VehiclePosition,https://infopoint.sunline.org/InfoPoint/GTFS-Realtime.ashx?Type=TripUpdate,https://infopoint.sunline.org/InfoPoint/GTFS-Realtime.ashx?Type=Alert,false,false
f-twin~cities~minnesota~rt,https://svc.metrotransit.org/mtgtfs/vehiclepositions.pb,https://svc.metrotransit.org/mtgtfs/tripupdates.pb,https://svc.metrotransit.org/mtgtfs/alerts.pb,false,false
f-santee~wateree~rta~rt,https://santeebus.com/gtfs-rt/vehiclepositions,https://santeebus.com/gtfs-rt/tripupdates,https://santeebus.com/gtfs-rt/alerts,false,false
f-countyofkauai~transportationagency~rt,https://thekauaibus.com/gtfs-rt/vehiclepositions,https://thekauaibus.com/gtfs-rt/tripupdates,https://thekauaibus.com/gtfs-rt/alerts,false,false
f-lafayette~la~rt,https://lts.syncromatics.com/gtfs-rt/vehiclepositions,https://lts.syncromatics.com/gtfs-rt/tripupdates,https://lts.syncromatics.com/gtfs-rt/alerts,false,false
f-dngy-transitauthorityofnorthernkentucky~rt,http://66.42.202.74:89/api/vehiclepositions,http://66.42.202.74:89/api/tripupdates,http://66.42.202.74:89/api/servicealerts,false,false
f-tompkinsconsolidatedareatransit~rt,https://realtimetcatbus.availtec.com/InfoPoint/GTFS-Realtime.ashx?&Type=VehiclePosition&serverid=0,https://realtimetcatbus.availtec.com/InfoPoint/GTFS-Realtime.ashx?&Type=TripUpdate,https://realtimetcatbus.availtec.com/InfoPoint/GTFS-Realtime.ashx?&Type=Alert,false,false
f-9qd-mercedthebus~ca~us~rt,https://thebuslive.com/gtfs-rt/vehiclepositions,,https://thebuslive.com/gtfs-rt/alerts,false,false
f-dnjq-greenlink~rt,https://trackgreenlink.com/gtfs-rt/vehiclepositions,https://trackgreenlink.com/gtfs-rt/tripupdates,https://trackgreenlink.com/gtfs-rt/alerts,false,false
f-greensboro~nc~us~rt,https://trackmygta.com/gtfs-rt/vehiclepositions,https://trackmygta.com/gtfs-rt/tripupdates,https://trackmygta.com/gtfs-rt/alerts,false,false
f-palmettobreeze~sc~rt,https://trackthebreeze.com/gtfs-rt/vehiclepositions,https://trackthebreeze.com/gtfs-rt/tripupdates,https://trackthebreeze.com/gtfs-rt/alerts,false,false
f-f244-RITC~Transcollines~RT,http://67.212.79.244:8080/hermes_st_Transcollines/pb/vehiclePositions.pb,http://67.212.79.244:8080/hermes_st_Transcollines/pb/tripUpdates.pb,,false,false
f-valleymetro~rt,https://app.mecatran.com/utw/ws/gtfsfeed/vehicles/valleymetro?apiKey=4f22263f69671d7f49726c3011333e527368211f,https://app.mecatran.com/utw/ws/gtfsfeed/alerts/valleymetro?apiKey=4f22263f69671d7f49726c3011333e527368211f,https://app.mecatran.com/utw/ws/gtfsfeed/alerts/valleymetro?apiKey=4f22263f69671d7f49726c3011333e527368211f,false,false
f-torrancetransit~rt,http://www.mybusinfo.com/gtfsrt/vehicles,http://www.mybusinfo.com/gtfsrt/trips,http://www.mybusinfo.com/gtfsrt/alerts,false,false
f-translink~rt,https://gtfs.translink.ca/v2/gtfsposition,https://gtfs.translink.ca/v2/gtfsrealtime,https://gtfs.translink.ca/v2/gtfsalerts,true,false
f-qconnect~maryborough~hervey~bay~rt,https://gtfsrt.api.translink.com.au/api/realtime/MHB/VehiclePositions,https://gtfsrt.api.translink.com.au/api/realtime/MHB/TripUpdates,https://gtfsrt.api.translink.com.au/api/realtime/MHB/Alerts,false,false
f-qconnect~north~stradbroke~island~rt,https://gtfsrt.api.translink.com.au/api/realtime/NSI/VehiclePositions,https://gtfsrt.api.translink.com.au/api/realtime/NSI/TripUpdates,https://gtfsrt.api.translink.com.au/api/realtime/NSI/Alerts,false,false
f-r7h-translink~rt,https://gtfsrt.api.translink.com.au/api/realtime/SEQ/VehiclePositions,https://gtfsrt.api.translink.com.au/api/realtime/SEQ/TripUpdates,https://gtfsrt.api.translink.com.au/api/realtime/SEQ/Alerts,false,false
f-rhzu-qconnect~transnorth~rt,https://gtfsrt.api.translink.com.au/api/realtime/INN/VehiclePositions,https://gtfsrt.api.translink.com.au/api/realtime/INN/TripUpdates,https://gtfsrt.api.translink.com.au/api/realtime/INN/Alerts,false,false
f-rhzx-translink~cairns~rt,https://gtfsrt.api.translink.com.au/api/realtime/CNS/VehiclePositions,https://gtfsrt.api.translink.com.au/api/realtime/CNS/TripUpdates,https://gtfsrt.api.translink.com.au/api/realtime/CNS/Alerts,false,false
f-rk3qj-qconnect~bowen~rt,https://gtfsrt.api.translink.com.au/api/realtime/BOW/VehiclePositions,https://gtfsrt.api.translink.com.au/api/realtime/BOW/TripUpdates,https://gtfsrt.api.translink.com.au/api/realtime/BOW/Alerts,false,false
f-victorvalleytransitauthority~rt,https://ontime.vvta.org/gtfs-rt/vehiclepositions,https://ontime.vvta.org/gtfs-rt/tripupdates,https://ontime.vvta.org/gtfs-rt/alerts,false,false
f-saintpetersburg~rt,http://transport.orgp.spb.ru/Portal/transport/internalapi/gtfs/realtime/vehicle,,,false,false
f-9pp-humboldtcounty~ca~us~rt~alerts,,,http://gtfs-realtime.trilliumtransit.com/gtfs-realtime/feed/humboldtcounty-ca-us/service_alerts.proto,false,false
f-9q9hy-mountainview~rt,https://ridemvgo.org/gtfs-rt/vehiclepositions,https://ridemvgo.org/gtfs-rt/tripupdates,https://ridemvgo.org/gtfs-rt/alerts,false,false
f-9r0-redding~ca~us~rt~alerts,,,http://gtfs-realtime.trilliumtransit.com/gtfs-realtime/feed/redding-ca-us/service_alerts.proto,false,false
f-banning~pass~transit~rt~alerts,,,http://gtfs-realtime.trilliumtransit.com/gtfs-realtime/feed/banning-ca-us/service_alerts.proto,false,false
f-coralvilletransit~rt,https://iowa.syncromatics.com/gtfs-rt/vehiclepositions,https://iowa.syncromatics.com/gtfs-rt/tripupdates,https://iowa.syncromatics.com/gtfs-rt/alerts,false,false
f-djz4-carta~sc~us~alerts,,,http://gtfs-realtime.trilliumtransit.com/gtfs-realtime/feed/carta-sc-us/service_alerts.proto,false,false
f-dnm6-asheville~nc~us~alerts,,,http://gtfs-realtime.trilliumtransit.com/gtfs-realtime/feed/asheville-nc-us/service_alerts.proto,false,false
f-dp9k-waukeshacounty~wi~us~rt,https://mywaukeshametro.com/gtfs-rt/vehiclepositions,https://mywaukeshametro.com/gtfs-rt/tripupdates,https://mywaukeshametro.com/gtfs-rt/alerts,false,false
f-emerygo~round~rt,https://egrshuttle.com/gtfs-rt/vehiclepositions,https://egrshuttle.com/gtfs-rt/tripupdates,https://egrshuttle.com/gtfs-rt/alerts,false,false
f-iowacitytransitsystem~rt,https://iowa.syncromatics.com/gtfs-rt/vehiclepositions,https://iowa.syncromatics.com/gtfs-rt/tripupdates,https://iowa.syncromatics.com/gtfs-rt/alerts,false,false
f-keywesttransit~rt,https://kwtransit.com/gtfs-rt/vehiclepositions,https://kwtransit.com/gtfs-rt/tripupdates,https://kwtransit.com/gtfs-rt/alerts,false,false
f-madera~county~connection~rt~alerts,,,http://gtfs-realtime.trilliumtransit.com/gtfs-realtime/feed/maderactc-ca-us/service_alerts.proto,false,false
f-rogue~valley~transportation~district~rt,,http://gtfsrt.rvtd.org:8085/ProfilGtfsRt2_0RSProducer-RVTD/TripUpdate.pb,http://gtfsrt.rvtd.org:8085/ProfilGtfsRt2_0RSProducer-RVTD/Alert.pb,false,false
f-turlock~ca~us~rt~alerts,,,http://gtfs-realtime.trilliumtransit.com/gtfs-realtime/feed/turlock-ca-us/service_alerts.proto,false,false
f-universityofiowa~cambus~rt,https://iowa.syncromatics.com/gtfs-rt/vehiclepositions,https://iowa.syncromatics.com/gtfs-rt/tripupdates,https://iowa.syncromatics.com/gtfs-rt/alerts,false,false
f-vailtransit~rt,https://ride.vailgov.com/gtfs-rt/vehiclepositions,https://ride.vailgov.com/gtfs-rt/tripupdates,https://ride.vailgov.com/gtfs-rt/alerts,false,false
f-9q4-smat~ca~us~rt,https://smrt.tripshot.com/v1/gtfs/realtime/vehiclePosition/CA558DDC-D7F2-4B48-9CAC-DEEA1134F820,https://smrt.tripshot.com/v1/gtfs/realtime/tripUpdate/CA558DDC-D7F2-4B48-9CAC-DEEA1134F820,https://smrt.tripshot.com/v1/gtfs/realtime/serviceAlert/CA558DDC-D7F2-4B48-9CAC-DEEA1134F820,false,false
f-anaheimresorttransportation~rt,https://art.tripshot.com/v1/gtfs/realtime/vehiclePosition/CA558DDC-D7F2-4B48-9CAC-DEEA1134F820,https://art.tripshot.com/v1/gtfs/realtime/CA558DDC-D7F2-4B48-9CAC-DEEA1134F820,https://art.tripshot.com/v1/gtfs/realtime/serviceAlert/CA558DDC-D7F2-4B48-9CAC-DEEA1134F820,false,false
f-ucla~bruinbus~rt,https://uclabruinbus.tripshot.com/v1/gtfs/realtime/vehiclePosition/CA558DDC-D7F2-4B48-9CAC-DEEA1134F820,https://uclabruinbus.tripshot.com/v1/gtfs/realtime/tripUpdate/CA558DDC-D7F2-4B48-9CAC-DEEA1134F820,https://uclabruinbus.tripshot.com/v1/gtfs/realtime/serviceAlert/CA558DDC-D7F2-4B48-9CAC-DEEA1134F820,false,false
f-dhx-tri~rail~rt,http://gtfsr.tri-rail.com/download.aspx?file=position_updates.pb,http://gtfsr.tri-rail.com/download.aspx?file=trip_updates.pb,http://gtfsr.tri-rail.com/download.aspx?file=alerts.pb,false,false
f-metropolitantulsatransitauthority~rt,http://gtfs.tulsatransit.org/position_updates.pb,http://gtfs.tulsatransit.org/trip_updates.pb,http://gtfs.tulsatransit.org/alerts.pb,false,false
f-tutigerride~md~rt,https://www.tutigerride.com/gtfs-rt/vehiclepositions,https://www.tutigerride.com/gtfs-rt/tripupdates,https://www.tutigerride.com/gtfs-rt/alerts,false,false
f-9pp-humboldtcounty~ca~us~redwood~rt,https://api.goswift.ly/real-time/redwood/gtfs-rt-vehicle-positions,https://api.goswift.ly/real-time/redwood/gtfs-rt-trip-updates,,true,true
f-9pz-lincolncounty~or~us~rt,https://api.goswift.ly/real-time/lincoln-county/gtfs-rt-vehicle-positions,https://api.goswift.ly/real-time/lincoln-county/gtfs-rt-trip-updates,,true,true
f-9q-easternsierra~ca~us~rt,https://api.goswift.ly/real-time/esta/gtfs-rt-vehicle-positions,https://api.goswift.ly/real-time/esta/gtfs-rt-trip-updates,,true,true
f-9qb-laketransit~ca~us~rt,https://api.goswift.ly/real-time/lake-county/gtfs-rt-vehicle-positions,https://api.goswift.ly/real-time/lake-county/gtfs-rt-trip-updates,,true,true
f-9qhc-beaumont~ca~us~rt,https://api.goswift.ly/real-time/beaumont/gtfs-rt-vehicle-positions,https://api.goswift.ly/real-time/beaumont/gtfs-rt-trip-updates,,true,true
f-9r0-redding~ca~us~rt,https://api.goswift.ly/real-time/redding/gtfs-rt-vehicle-positions,https://api.goswift.ly/real-time/redding/gtfs-rt-trip-updates,,true,true
f-9rb-benton~or~us~rt,https://api.goswift.ly/real-time/ocwcog-benton/gtfs-rt-vehicle-positions,https://api.goswift.ly/real-time/ocwcog-benton/gtfs-rt-trip-updates,,true,true
f-9rbm-linx~rt,https://api.goswift.ly/real-time/ocwcog-linx/gtfs-rt-vehicle-positions,https://api.goswift.ly/real-time/ocwcog-linx/gtfs-rt-trip-updates,,true,true
f-9rbmy-albanytransitsystem~rt,https://api.goswift.ly/real-time/ocwcog-albany-linn/gtfs-rt-vehicle-positions,https://api.goswift.ly/real-time/ocwcog-albany-linn/gtfs-rt-trip-updates,,true,true
f-9rbs-linnshuttle~or~us~rt,https://api.goswift.ly/real-time/ocwcog-linn-shuttle/gtfs-rt-vehicle-positions,https://api.goswift.ly/real-time/ocwcog-linn-shuttle/gtfs-rt-trip-updates,,true,true
f-9rc-cascadeseast~or~us~rt,https://api.goswift.ly/real-time/coic/gtfs-rt-vehicle-positions,https://api.goswift.ly/real-time/coic/gtfs-rt-trip-updates,,true,true
f-9t9-suntran~rt,https://api.goswift.ly/real-time/suntran/gtfs-rt-vehicle-positions,https://api.goswift.ly/real-time/suntran/gtfs-rt-trip-updates,,true,true
f-9xj5s-viamobilityservices~rt,https://api.goswift.ly/real-time/via/gtfs-rt-vehicle-positions,https://api.goswift.ly/real-time/via/gtfs-rt-trip-updates,,true,true
f-abqride~rt,https://api.goswift.ly/real-time/abq-ride/gtfs-rt-vehicle-positions,https://api.goswift.ly/real-time/abq-ride/gtfs-rt-trip-updates,,true,true
f-advancetransit~rt,https://api.goswift.ly/real-time/advance-transit/gtfs-rt-vehicle-positions,https://api.goswift.ly/real-time/advance-transit/gtfs-rt-trip-updates,,true,true
f-alsa~es~rt,https://api.goswift.ly/real-time/es-alsa/gtfs-rt-vehicle-positions,https://api.goswift.ly/real-time/es-alsa/gtfs-rt-trip-updates,,true,true
f-ata~bus~ks~rt,https://api.goswift.ly/real-time/flint-hills-ata/gtfs-rt-vehicle-positions/,https://api.goswift.ly/real-time/flint-hills-ata/gtfs-rt-trip-updates/,,true,true
f-banning~pass~transit~rt,https://api.goswift.ly/real-time/banning/gtfs-rt-vehicle-positions,https://api.goswift.ly/real-time/banning/gtfs-rt-trip-updates,,true,true
f-baytowntrolley~fl~rt,https://api.goswift.ly/real-time/bay-town-trolley/gtfs-rt-vehicle-positions,https://api.goswift.ly/real-time/bay-town-trolley/gtfs-rt-trip-updates,,true,true
f-brightline~fl~us~rt,https://api.goswift.ly/real-time/brightline-fl-us/gtfs-rt-vehicle-positions,https://api.goswift.ly/real-time/brightline-fl-us/gtfs-rt-trip-updates,,true,true
f-c20-tillamook~or~us~rt,https://api.goswift.ly/real-time/tillamook/gtfs-rt-vehicle-positions,https://api.goswift.ly/real-time/tillamook/gtfs-rt-trip-updates,,true,true
f-c20dz-washingtonparkshuttle~or~us~rt,https://api.goswift.ly/real-time/washington-park/gtfs-rt-vehicle-positions,https://api.goswift.ly/real-time/washington-park/gtfs-rt-trip-updates,,true,true
f-central~transit~wa~rt,https://api.goswift.ly/real-time/central-transit-wa/gtfs-rt-vehicle-positions,https://api.goswift.ly/real-time/central-transit-wa/gtfs-rt-trip-updates,,true,true
f-chittendoncounty~rt,https://api.goswift.ly/real-time/green-mountain/gtfs-rt-vehicle-positions,https://api.goswift.ly/real-time/green-mountain/gtfs-rt-trip-updates,,true,true
f-cityandboroughofjuneau~rt,https://api.goswift.ly/real-time/juneau/gtfs-rt-vehicle-positions,https://api.goswift.ly/real-time/juneau/gtfs-rt-trip-updates,,true,true
f-cuboulder~rt,https://api.goswift.ly/real-time/cu-boulder/gtfs-rt-vehicle-positions/,https://api.goswift.ly/real-time/cu-boulder/gtfs-rt-trip-updates/,,true,true
f-dcstreetcar~rt,https://api.goswift.ly/real-time/dc-streetcar/gtfs-rt-vehicle-positions,https://api.goswift.ly/real-time/dc-streetcar/gtfs-rt-trip-updates,,true,true
f-dentoncountytransportationauthority~rt,https://api.goswift.ly/real-time/dcta/gtfs-rt-vehicle-positions,https://api.goswift.ly/real-time/dcta/gtfs-rt-trip-updates,,true,true
f-dhv-hillsborougharearegionaltransit~rt,https://api.goswift.ly/real-time/tampa/gtfs-rt-vehicle-positions,https://api.goswift.ly/real-time/tampa/gtfs-rt-trip-updates,,true,true
f-dhv-hillsborougharearegionaltransit~streetcar~rt,https://api.goswift.ly/real-time/tampa-streetcar/gtfs-rt-vehicle-positions,https://api.goswift.ly/real-time/tampa-streetcar/gtfs-rt-trip-updates,,true,true
f-djz4-carta~sc~us~rt,https://api.goswift.ly/real-time/bcdcog/gtfs-rt-vehicle-positions,https://api.goswift.ly/real-time/bcdcog/gtfs-rt-trip-updates,,true,true
f-dnm6-asheville~nc~us~rt,https://api.goswift.ly/real-time/art-asheville/gtfs-rt-vehicle-positions,https://api.goswift.ly/real-time/art-asheville/gtfs-rt-trip-updates,,true,true
f-dnru-durham~area~transit~authority~nc~us~rt,https://api.goswift.ly/real-time/godurham/gtfs-rt-vehicle-positions,https://api.goswift.ly/real-time/godurham/gtfs-rt-trip-updates,,true,true
f-dpz8-ttc~rt,https://api.goswift.ly/real-time/ttc/gtfs-rt-vehicle-positions,https://api.goswift.ly/real-time/ttc/gtfs-rt-trip-updates,,true,true
f-dq-mtamaryland~bus~rt,https://api.goswift.ly/real-time/mta-maryland/gtfs-rt-vehicle-positions,https://api.goswift.ly/real-time/mta-maryland/gtfs-rt-trip-updates,,true,true
f-dq-mtamaryland~commuterbus~rt,https://api.goswift.ly/real-time/mta-maryland-commuter-bus/gtfs-rt-vehicle-positions,https://api.goswift.ly/real-time/mta-maryland-commuter-bus/gtfs-rt-trip-updates,,true,true
f-dq-mtamaryland~raillink~rt,https://api.goswift.ly/real-time/mta-maryland-light-rail/gtfs-rt-vehicle-positions,https://api.goswift.ly/real-time/mta-maryland-light-rail/gtfs-rt-trip-updates,,true,true
f-dq-mtamaryland~subwaylink~rt,https://api.goswift.ly/real-time/mta-maryland-metro-bus/gtfs-rt-vehicle-positions,https://api.goswift.ly/real-time/mta-maryland-metro-bus/gtfs-rt-trip-updates,,true,true
f-dqc-thebusofprincegeorgescounty~rt,https://api.goswift.ly/real-time/prince-george-thebus/gtfs-rt-vehicle-positions,https://api.goswift.ly/real-time/prince-george-thebus/gtfs-rt-trip-updates,,true,true
f-dqcn-montgomerycountymdrideon~rt,https://api.goswift.ly/real-time/rideon/gtfs-rt-vehicle-positions,https://api.goswift.ly/real-time/rideon/gtfs-rt-trip-updates,,true,true
f-dqcq-regionaltransportationagencyofcentralmaryland~rt,https://api.goswift.ly/real-time/rtamaryland/gtfs-rt-vehicle-positions,https://api.goswift.ly/real-time/rtamaryland/gtfs-rt-trip-updates,,true,true
f-dr0b-transitservicesoffrederickcounty~rt,https://api.goswift.ly/real-time/frederick-county-transit/gtfs-rt-vehicle-positions,https://api.goswift.ly/real-time/frederick-county-transit/gtfs-rt-trip-updates,,true,true
f-dr4-dartfirststatewood~rt,https://api.goswift.ly/real-time/delaware/gtfs-rt-vehicle-positions,https://api.goswift.ly/real-time/delaware/gtfs-rt-trip-updates,,true,true
f-dru-tri~valleytransit~rt,https://api.goswift.ly/real-time/trivalleytransit/gtfs-rt-vehicle-positions,https://api.goswift.ly/real-time/trivalleytransit/gtfs-rt-trip-updates,,true,true
f-dru-vttranslines~vt~us~rt,https://api.goswift.ly/real-time/vermont-translines/gtfs-rt-vehicle-positions,https://api.goswift.ly/real-time/vermont-translines/gtfs-rt-trip-updates,,true,true
f-dvtamoover~vt~rt,https://api.goswift.ly/real-time/moover/gtfs-rt-vehicle-positions,https://api.goswift.ly/real-time/moover/gtfs-rt-trip-updates,,true,true
f-goose~creek~transit~rt,https://api.goswift.ly/real-time/goose-creek-transit/gtfs-rt-vehicle-positions,https://api.goswift.ly/real-time/goose-creek-transit/gtfs-rt-trip-updates,,true,true
f-greenmtncn~vt~rt,https://api.goswift.ly/real-time/bennington-gmcn/gtfs-rt-vehicle-positions,https://api.goswift.ly/real-time/bennington-gmcn/gtfs-rt-trip-updates,,true,true
f-gunnisonvalleyrta~rt,https://api.goswift.ly/real-time/gunnison/gtfs-rt-vehicle-positions,https://api.goswift.ly/real-time/gunnison/gtfs-rt-trip-updates,,true,true
f-indygo~rt,https://api.goswift.ly/real-time/indygo/gtfs-rt-vehicle-positions,https://api.goswift.ly/real-time/indygo/gtfs-rt-trip-updates,,true,true
f-kcata~rt,https://api.goswift.ly/real-time/kcata/gtfs-rt-vehicle-positions,https://api.goswift.ly/real-time/kcata/gtfs-rt-trip-updates,,true,true
f-kerncounty~ca~rt,https://api.goswift.ly/real-time/kern-transit/gtfs-rt-vehicle-positions,https://api.goswift.ly/real-time/kern-transit/gtfs-rt-trip-updates,,true,true
f-lasvegasloop~nv~us~rt,https://api.goswift.ly/real-time/city-las-vegas/gtfs-rt-vehicle-positions,https://api.goswift.ly/real-time/city-las-vegas/gtfs-rt-trip-updates,,true,true
f-lubbock~tx~us~rt,https://api.goswift.ly/real-time/lubbock-citibus/gtfs-rt-vehicle-positions,https://api.goswift.ly/real-time/lubbock-citibus/gtfs-rt-trip-updates,,true,true
f-madera~county~connection~rt,https://api.goswift.ly/real-time/madera/gtfs-rt-vehicle-positions,https://api.goswift.ly/real-time/madera/gtfs-rt-trip-updates,,true,true
f-merrimackvalley~rt,https://api.goswift.ly/real-time/massdot-mvrta/gtfs-rt-vehicle-positions,https://api.goswift.ly/real-time/massdot-mvrta/gtfs-rt-trip-updates,,true,true
f-metro~losangeles~bus~rt,https://api.goswift.ly/real-time/lametro/gtfs-rt-vehicle-positions,https://api.goswift.ly/real-time/lametro/gtfs-rt-trip-updates,,true,true
f-metro~losangeles~rail~rt,https://api.goswift.ly/real-time/lametro-rail/gtfs-rt-vehicle-positions,https://api.goswift.ly/real-time/lametro-rail/gtfs-rt-trip-updates,,true,true
f-miamibeach~rt,https://api.goswift.ly/real-time/city-of-miami-beach/gtfs-rt-vehicle-positions,https://api.goswift.ly/real-time/city-of-miami-beach/gtfs-rt-trip-updates,,true,true
f-miamidadetransit~rt,https://api.goswift.ly/real-time/miami/gtfs-rt-vehicle-positions/,https://api.goswift.ly/real-time/miami/gtfs-rt-trip-updates,,true,true
f-nevadacountygoldcountrystage~rt,https://api.goswift.ly/real-time/gold-country-stage/gtfs-rt-vehicle-positions,https://api.goswift.ly/real-time/gold-country-stage/gtfs-rt-trip-updates,,true,true
f-northcountrytransitdistrict~rt,https://api.goswift.ly/real-time/nctd/gtfs-rt-vehicle-positions,https://api.goswift.ly/real-time/nctd/gtfs-rt-trip-updates,,true,true
f-qline~mi~rt,https://api.goswift.ly/real-time/detroit-m1-rail/gtfs-rt-vehicle-positions,https://api.goswift.ly/real-time/detroit-m1-rail/gtfs-rt-trip-updates,,true,true
f-redwood~coast~transit~rt,https://api.goswift.ly/real-time/redwood-coast-rct/gtfs-rt-vehicle-positions,https://api.goswift.ly/real-time/redwood-coast-rct/gtfs-rt-trip-updates,,true,true
f-rtcsnv~rt,https://api.goswift.ly/real-time/las-vegas-rtc/gtfs-rt-vehicle-positions,https://api.goswift.ly/real-time/las-vegas-rtc/gtfs-rt-trip-updates,,true,true
f-ruralcommunity~vt~rt,https://api.goswift.ly/real-time/rct/gtfs-rt-vehicle-positions,https://api.goswift.ly/real-time/rct/gtfs-rt-trip-updates,,true,true
f-sanjoaquinrtd~rt,https://api.goswift.ly/real-time/san-joaquin/gtfs-rt-vehicle-positions,https://api.goswift.ly/real-time/san-joaquin/gtfs-rt-trip-updates,,true,true
f-seattlechildrenshospitalshuttle~rt,https://api.goswift.ly/real-time/seattle-childrens/gtfs-rt-vehicle-positions,https://api.goswift.ly/real-time/seattle-childrens/gtfs-rt-trip-updates,,true,true
f-septa~rail~rt,https://api.goswift.ly/real-time/septa-rail/gtfs-rt-vehicle-positions,https://api.goswift.ly/real-time/septa-rail/gtfs-rt-trip-updates,,true,true
f-septa~rt,https://api.goswift.ly/real-time/septa/gtfs-rt-vehicle-positions,https://api.goswift.ly/real-time/septa/gtfs-rt-trip-updates,,true,true
f-smart~ca~rt,https://api.goswift.ly/real-time/smart/gtfs-rt-vehicle-positions,https://api.goswift.ly/real-time/smart/gtfs-rt-trip-updates,,true,true
f-smart~mi~rt,https://api.goswift.ly/real-time/detroit-smartbus/gtfs-rt-vehicle-positions,https://api.goswift.ly/real-time/detroit-smartbus/gtfs-rt-trip-updates,,true,true
f-sunsetempiretransportationdistrict~rt,https://api.goswift.ly/real-time/setd/gtfs-rt-vehicle-positions,https://api.goswift.ly/real-time/setd/gtfs-rt-trip-updates,,true,true
f-tahoe~ca~rt,https://api.goswift.ly/real-time/bluego/gtfs-rt-vehicle-positions,https://api.goswift.ly/real-time/bluego/gtfs-rt-trip-updates,,true,true
f-thebus~hi~rt,https://api.goswift.ly/real-time/thebus/gtfs-rt-vehicle-positions,https://api.goswift.ly/real-time/thebus/gtfs-rt-trip-updates,,true,true
f-thebus~vt~rt,https://api.goswift.ly/real-time/marble-valley/gtfs-rt-vehicle-positions,https://api.goswift.ly/real-time/marble-valley/gtfs-rt-trip-updates,,true,true
f-trivalley~vt~us~rt,https://api.goswift.ly/real-time/trivalleytransit/gtfs-rt-vehicle-positions,https://api.goswift.ly/real-time/trivalleytransit/gtfs-rt-trip-updates,,true,true
f-turlock~ca~rt,https://api.goswift.ly/real-time/turlock/gtfs-rt-vehicle-positions,https://api.goswift.ly/real-time/turlock/gtfs-rt-trip-updates,,true,true
f-wata~rt,https://api.goswift.ly/real-time/wata/gtfs-rt-vehicle-positions,https://api.goswift.ly/real-time/wata/gtfs-rt-trip-updates,,true,true
f-xtrafik~se~rt,https://api.goswift.ly/real-time/se-xtrafik/gtfs-rt-vehicle-positions/,https://api.goswift.ly/real-time/se-xtrafik/gtfs-rt-trip-updates/,,true,true
f-valleyride~rt,https://www.valleyregionaltransit.org/GTFS/position_updates.pb,https://www.valleyregionaltransit.org/GTFS/trip_updates.pb,https://www.valleyregionaltransit.org/GTFS/alerts.pb,false,false
f-via~rt,http://gtfs.viainfo.net/vehicle/vehiclepositions.pb,http://gtfs.viainfo.net/tripupdate/tripupdates.pb,http://gtfs.viainfo.net/alert/alerts.pb,false,false
f-visaliatransit~rt,https://visaliatransit.info/gtfs-rt/vehiclepositions,https://visaliatransit.info/gtfs-rt/tripupdates,https://visaliatransit.info/gtfs-rt/alerts,false,false
f-dnx-roanoke~va~us~rt,https://vmgoapp.com/gtfs-rt/vehiclepositions,https://vmgoapp.com/gtfs-rt/tripupdates,https://vmgoapp.com/gtfs-rt/alerts,false,false
f-vre~rt,https://www.vre.org/gtfs-realtime/VehiclePositionFeed,https://www.vre.org/gtfs-realtime/TripUpdateFeed,,false,false
f-west~hollywood~rt,https://webservices.umoiq.com/api/gtfs-rt/v1/vehicle-positions/west-hollywood,https://webservices.umoiq.com/api/gtfs-rt/v1/trip-updates/west-hollywood,https://webservices.umoiq.com/api/gtfs-rt/v1/service-alerts/west-hollywood,true,false
f-westchestercountybee~linesystem~rt,https://wcgtfs.westchestergov.com/api/vehiclepositions?format=gtfs.proto,https://wcgtfs.westchestergov.com/api/tripupdates?format=gtfs.proto,https://wcgtfs.westchestergov.com/api/servicealerts?format=gtfs.proto,false,false
f-pee~dee~sc~us~rt,https://whereispdrta.com/gtfs-rt/vehiclepositions,https://whereispdrta.com/gtfs-rt/tripupdates,https://whereispdrta.com/gtfs-rt/alerts,false,false
f-wmata~bus~rt,https://api.wmata.com/gtfs/bus-gtfsrt-vehiclepositions.pb,https://api.wmata.com/gtfs/bus-gtfsrt-tripupdates.pb,https://api.wmata.com/gtfs/bus-gtfsrt-alerts.pb,true,false
f-wmata~rail~rt,https://api.wmata.com/gtfs/rail-gtfsrt-vehiclepositions.pb,https://api.wmata.com/gtfs/rail-gtfsrt-tripupdates.pb,https://api.wmata.com/gtfs/rail-gtfsrt-alerts.pb,true,false
f-western~reserve~transit~authority~rt,https://myvalleystops.wrtaonline.com/infopoint/GTFS-Realtime.ashx?Type=VehiclePosition,https://myvalleystops.wrtaonline.com/infopoint/GTFS-Realtime.ashx?Type=TripUpdate,https://myvalleystops.wrtaonline.com/infopoint/GTFS-Realtime.ashx?Type=Alert,false,false
f-akronmetro~rt,https://realtimemetro.availtec.com/infopoint/GTFS-Realtime.ashx?&Type=VehiclePosition&serverid=0,https://realtimemetro.availtec.com/infopoint/GTFS-Realtime.ashx?&Type=TripUpdate,https://realtimemetro.availtec.com/infopoint/GTFS-Realtime.ashx?&Type=Alert,false,false
f-yrt~rt,http://rtu.york.ca/gtfsrealtime/VehiclePositions,http://rtu.york.ca/gtfsrealtime/TripUpdates,,false,false
f-zenbus~alesy~rt,https://zenbus.net/gtfs/rt/poll.proto?file=vp&dataset=alesy,https://zenbus.net/gtfs/rt/poll.proto?file=tu&dataset=alesy,,false,false
f-zenbus~alpe~huez~rt,https://zenbus.net/gtfs/rt/poll.proto?file=vp&dataset=alpe-huez,https://zenbus.net/gtfs/rt/poll.proto?file=tu&dataset=alpe-huez,,false,false
f-zenbus~arche~rt,https://zenbus.net/gtfs/rt/poll.proto?file=vp&dataset=lr11-arche,https://zenbus.net/gtfs/rt/poll.proto?file=tu&dataset=lr11-arche,,false,false
f-zenbus~astrobus~rt,https://zenbus.net/gtfs/rt/poll.proto?file=vp&dataset=astrobus,https://zenbus.net/gtfs/rt/poll.proto?file=tu&dataset=astrobus,,false,false
f-zenbus~auch~rt,https://zenbus.net/gtfs/rt/poll.proto?file=vp&dataset=auch-alliance,https://zenbus.net/gtfs/rt/poll.proto?file=tu&dataset=auch-alliance,,false,false
f-zenbus~bernay~rt,https://zenbus.net/gtfs/rt/poll.proto?file=vp&dataset=bernay,https://zenbus.net/gtfs/rt/poll.proto?file=tu&dataset=bernay,,false,false
f-zenbus~bigorre~mongie~rt,https://zenbus.net/gtfs/rt/poll.proto?file=vp&dataset=bigorre-mongie,https://zenbus.net/gtfs/rt/poll.proto?file=tu&dataset=bigorre-mongie,,false,false
f-zenbus~bordeaux~navettes~aeroport~rt,https://zenbus.net/gtfs/rt/poll.proto?dataset=bordeaux-navettes-aeroport&file=vp,https://zenbus.net/gtfs/rt/poll.proto?dataset=bordeaux-navettes-aeroport&file=tu,,false,false
f-zenbus~capbus~rt,https://zenbus.net/gtfs/rt/poll.proto?file=vp&dataset=agdecapbus68429531,https://zenbus.net/gtfs/rt/poll.proto?file=tu&dataset=agdecapbus68429531,,false,false
f-zenbus~car~sud~rt,https://zenbus.net/gtfs/rt/poll.proto?file=vp&dataset=carsud-reunion,https://zenbus.net/gtfs/rt/poll.proto?file=tu&dataset=carsud-reunion,,false,false
f-zenbus~coeur~de~tarentaise~rt,https://zenbus.net/gtfs/rt/poll.proto?file=vp&dataset=coeur-de-tarentaise,https://zenbus.net/gtfs/rt/poll.proto?file=tu&dataset=coeur-de-tarentaise,,false,false
f-zenbus~granville~rt,https://zenbus.net/gtfs/rt/poll.proto?file=vp&dataset=granville,https://zenbus.net/gtfs/rt/poll.proto?file=tu&dataset=granville,,false,false
f-zenbus~hobus~rt,https://zenbus.net/gtfs/rt/poll.proto?file=vp&dataset=hobus,https://zenbus.net/gtfs/rt/poll.proto?file=tu&dataset=hobus,,false,false
f-zenbus~ile~de~re~rt,https://zenbus.net/gtfs/rt/poll.proto?file=vp&dataset=iledere-rna,https://zenbus.net/gtfs/rt/poll.proto?file=tu&dataset=iledere-rna,,false,false
f-zenbus~laurentides~rt,https://zenbus.net/gtfs/rt/poll.proto?file=vp&dataset=linter,https://zenbus.net/gtfs/rt/poll.proto?file=tu&dataset=linter,,false,false
f-zenbus~les~saisies~rt,https://zenbus.net/gtfs/rt/poll.proto?file=vp&dataset=lessaisies,https://zenbus.net/gtfs/rt/poll.proto?file=tu&dataset=lessaisies,,false,false
f-zenbus~mayenne~rt,https://zenbus.net/gtfs/rt/poll.proto?file=vp&dataset=maybus,https://zenbus.net/gtfs/rt/poll.proto?file=tu&dataset=maybus,,false,false
f-zenbus~mendois~rt,https://zenbus.net/gtfs/rt/poll.proto?file=vp&dataset=tum,https://zenbus.net/gtfs/rt/poll.proto?file=tu&dataset=tum,,false,false
f-zenbus~mont~tremblant~rt,https://zenbus.net/gtfs/rt/poll.proto?file=vp&dataset=tcmt6w8qbuxm,https://zenbus.net/gtfs/rt/poll.proto?file=tu&dataset=tcmt6w8qbuxm,,false,false
f-zenbus~moselle~et~madon~rt,https://zenbus.net/gtfs/rt/poll.proto?file=vp&dataset=moselle-et-madon,https://zenbus.net/gtfs/rt/poll.proto?file=tu&dataset=moselle-et-madon,,false,false
f-zenbus~oloron~sainte~marie~rt,https://zenbus.net/gtfs/rt/poll.proto?file=vp&dataset=oloron,https://zenbus.net/gtfs/rt/poll.proto?file=tu&dataset=oloron,,false,false
f-zenbus~paris~saclay~rt,https://zenbus.net/gtfs/rt/poll.proto?dataset=caee&file=vp,https://zenbus.net/gtfs/rt/poll.proto?dataset=caee&file=tu,,false,false
f-zenbus~respire~rt,https://zenbus.net/gtfs/rt/poll.proto?file=vp&dataset=iledere75923021,https://zenbus.net/gtfs/rt/poll.proto?file=tu&dataset=iledere75923021,,false,false
f-zenbus~ritmo~rt,https://zenbus.net/gtfs/rt/poll.proto?file=vp&dataset=haguenau,https://zenbus.net/gtfs/rt/poll.proto?file=tu&dataset=haguenau,,false,false
f-zenbus~saintes~rt,https://zenbus.net/gtfs/rt/poll.proto?file=vp&dataset=buss-cdasaintes,https://zenbus.net/gtfs/rt/poll.proto?file=tu&dataset=buss-cdasaintes,,false,false
f-zenbus~saint~jean~sur~richelieu~rt,https://zenbus.net/gtfs/rt/poll.proto?file=vp&dataset=saint-jean-sur-richelieu,https://zenbus.net/gtfs/rt/poll.proto?file=tu&dataset=saint-jean-sur-richelieu,,false,false
f-zenbus~sankeo~scolaire~rt,https://zenbus.net/gtfs/rt/poll.proto?file=vp&dataset=sankeo-scolaire,https://zenbus.net/gtfs/rt/poll.proto?file=tu&dataset=sankeo-scolaire,,false,false
f-zenbus~sarlat~la~caneda~rt,https://zenbus.net/gtfs/rt/poll.proto?file=vp&dataset=Sarlat,https://zenbus.net/gtfs/rt/poll.proto?file=tu&dataset=Sarlat,,false,false
f-zenbus~sel~et~vermois~rt,https://zenbus.net/gtfs/rt/poll.proto?file=vp&dataset=sel-et-vermois,https://zenbus.net/gtfs/rt/poll.proto?file=tu&dataset=sel-et-vermois,,false,false
f-zenbus~sitac~calais~rt,https://zenbus.net/gtfs/rt/poll.proto?file=vp&dataset=sitac-calais-rt,https://zenbus.net/gtfs/rt/poll.proto?file=tu&dataset=sitac-calais-rt,,false,false
f-zenbus~tempobus~rt,https://zenbus.net/gtfs/rt/poll.proto?file=vp&dataset=16i2434229,https://zenbus.net/gtfs/rt/poll.proto?file=tu&dataset=16i2434229,,false,false
f-zenbus~tignes~rt,https://zenbus.net/gtfs/rt/poll.proto?file=vp&dataset=tignes,https://zenbus.net/gtfs/rt/poll.proto?file=tu&dataset=tignes,,false,false
f-zenbus~toutenbus~rt,https://zenbus.net/gtfs/rt/poll.proto?file=vp&dataset=toutenbus,https://zenbus.net/gtfs/rt/poll.proto?file=tu&dataset=toutenbus,,false,false
f-zenbus~transavold~rt,https://zenbus.net/gtfs/rt/poll.proto?file=vp&dataset=transavold-stavold,https://zenbus.net/gtfs/rt/poll.proto?file=tu&dataset=transavold-stavold,,false,false
f-zenbus~valmorel~rt,https://zenbus.net/gtfs/rt/poll.proto?file=vp&dataset=valmorel,https://zenbus.net/gtfs/rt/poll.proto?file=tu&dataset=valmorel,,false,false
f-zenbus~val~d~isere~rt,https://zenbus.net/gtfs/rt/poll.proto?file=vp&dataset=valdisere,https://zenbus.net/gtfs/rt/poll.proto?file=tu&dataset=valdisere,,false,false
f-zenbus~verdun~rt,https://zenbus.net/gtfs/rt/poll.proto?dataset=verdun-rezo&file=vp,https://zenbus.net/gtfs/rt/poll.proto?dataset=verdun-rezo&file=tu,,false,false
f-u25k-zagrebačkielektričnitramvaj~rt,,https://zet.hr/gtfs-rt-protobuf,,false,false
